gt,generated,psnr,ssim,lpips,loe
10003_00_10s.ARW,test_10003_00_0.04s.png,26.634150759445472,0.737849,0.5022757053375244,167.6448
10003_00_10s.ARW,test_10003_00_0.1s.png,28.32334196437816,0.7799379,0.4539696276187897,136.186
10003_00_10s.ARW,test_10003_01_0.04s.png,26.662723618124495,0.7381545,0.5021655559539795,167.536
10003_00_10s.ARW,test_10003_01_0.1s.png,28.29081957299946,0.7793755,0.4556926488876343,132.9152
10003_00_10s.ARW,test_10003_02_0.04s.png,27.075255606703145,0.74400264,0.4936334788799286,156.0216
10003_00_10s.ARW,test_10003_02_0.1s.png,28.26721982221487,0.77914745,0.45542091131210327,136.9508
10003_00_10s.ARW,test_10003_03_0.04s.png,26.61491495799463,0.7365017,0.5055580139160156,157.8388
10003_00_10s.ARW,test_10003_03_0.1s.png,28.263403508118653,0.778661,0.4562552273273468,137.0972
10003_00_10s.ARW,test_10003_04_0.1s.png,28.2622221868446,0.77882355,0.4558742940425873,136.0216
10003_00_10s.ARW,test_10003_05_0.1s.png,28.303702829078343,0.7795817,0.45438486337661743,135.7304
10003_00_10s.ARW,test_10003_06_0.1s.png,28.24898817389642,0.7782693,0.4565853178501129,133.1456
10003_00_10s.ARW,test_10003_07_0.1s.png,28.2524064161908,0.7782943,0.45796653628349304,134.1232
10003_00_10s.ARW,test_10003_08_0.1s.png,28.32954007374456,0.7800081,0.4534139633178711,138.1564
10003_00_10s.ARW,test_10003_09_0.1s.png,28.303595527086753,0.7792845,0.45441603660583496,135.0296
10006_00_10s.ARW,test_10006_00_0.04s.png,28.957734752746465,0.83279413,0.42068803310394287,209.0824
10006_00_10s.ARW,test_10006_00_0.1s.png,30.957681763585793,0.86369497,0.38190633058547974,144.3544
10006_00_10s.ARW,test_10006_01_0.04s.png,28.39495609394357,0.8276213,0.4232870042324066,236.5376
10006_00_10s.ARW,test_10006_01_0.1s.png,30.83858899921665,0.86355716,0.3817876875400543,140.3184
10006_00_10s.ARW,test_10006_02_0.1s.png,30.905754194621732,0.86381966,0.3825707733631134,141.6872
10006_00_10s.ARW,test_10006_03_0.1s.png,30.861954161806583,0.8639593,0.38253986835479736,140.6684
10006_00_10s.ARW,test_10006_04_0.1s.png,30.837587815645946,0.8636438,0.3831409215927124,140.2112
10006_00_10s.ARW,test_10006_05_0.1s.png,30.816342191452225,0.8635455,0.3829691708087921,140.8056
10006_00_10s.ARW,test_10006_06_0.1s.png,30.96226714276603,0.863348,0.3829836845397949,142.5456
10006_00_10s.ARW,test_10006_07_0.1s.png,30.9910634690827,0.86394334,0.38177359104156494,144.3096
10006_00_10s.ARW,test_10006_08_0.1s.png,31.074099837797732,0.8635314,0.3815649151802063,145.0192
10006_00_10s.ARW,test_10006_09_0.1s.png,30.999179939644122,0.8637807,0.3830535113811493,145.3488
10011_00_10s.ARW,test_10011_00_0.04s.png,28.983528730809166,0.85820764,0.49404314160346985,571.204
10011_00_10s.ARW,test_10011_00_0.1s.png,30.055651649514445,0.9103002,0.33958351612091064,357.7256
10011_00_10s.ARW,test_10011_01_0.04s.png,28.994013666584763,0.85589314,0.5020323395729065,596.5188
10011_00_10s.ARW,test_10011_01_0.1s.png,29.990299871701858,0.9098985,0.338874876499176,361.4696
10011_00_10s.ARW,test_10011_02_0.1s.png,30.03762444069711,0.91020423,0.3385370969772339,352.148
10011_00_10s.ARW,test_10011_03_0.1s.png,30.035889341233695,0.91015464,0.3398776352405548,368.2008
10011_00_10s.ARW,test_10011_04_0.1s.png,30.036531863660024,0.90989345,0.3416958451271057,350.2248
10011_00_10s.ARW,test_10011_05_0.1s.png,30.066885980051026,0.91040903,0.3382573425769806,356.9808
10011_00_10s.ARW,test_10011_06_0.1s.png,29.96398623108572,0.9098866,0.33977842330932617,369.112
10011_00_10s.ARW,test_10011_07_0.1s.png,29.983056355461933,0.90997815,0.33921387791633606,363.0452
10011_00_10s.ARW,test_10011_08_0.1s.png,30.011631187395324,0.9100749,0.3382127285003662,357.0716
10011_00_10s.ARW,test_10011_09_0.1s.png,29.960140713881458,0.9102356,0.33820340037345886,357.696
10016_00_10s.ARW,test_10016_00_0.04s.png,27.534543485134733,0.77873063,0.4707793891429901,239.1584
10016_00_10s.ARW,test_10016_00_0.1s.png,28.533853123189775,0.8096388,0.45551079511642456,173.5964
10016_00_10s.ARW,test_10016_01_0.04s.png,27.52877471345578,0.77884287,0.4667847156524658,237.2756
10016_00_10s.ARW,test_10016_01_0.1s.png,28.531108153294575,0.8097332,0.4555521011352539,178.2528
10016_00_10s.ARW,test_10016_02_0.1s.png,28.526598770657422,0.8092436,0.4554334878921509,176.9108
10016_00_10s.ARW,test_10016_03_0.1s.png,28.531762845821476,0.8095719,0.4550338685512543,176.1688
10016_00_10s.ARW,test_10016_04_0.1s.png,28.529031883575428,0.80981046,0.4553745985031128,175.8268
10016_00_10s.ARW,test_10016_05_0.1s.png,28.527926233468882,0.80952287,0.4544564485549927,177.6116
10016_00_10s.ARW,test_10016_06_0.1s.png,28.532681942813287,0.8097282,0.4552444517612457,178.4096
10016_00_10s.ARW,test_10016_07_0.1s.png,28.52091139843843,0.8094123,0.45541784167289734,176.13
10016_00_10s.ARW,test_10016_08_0.1s.png,28.524513395977174,0.8094962,0.4547027051448822,173.4516
10016_00_10s.ARW,test_10016_09_0.1s.png,28.305679472281085,0.8023281,0.4555716812610626,174.9616
10022_00_10s.ARW,test_10022_00_0.04s.png,28.423989629135168,0.78808564,0.4629965126514435,217.3992
10022_00_10s.ARW,test_10022_00_0.1s.png,29.667257710832203,0.8343,0.38315436244010925,141.4944
10022_00_10s.ARW,test_10022_01_0.04s.png,28.349241712231127,0.78678864,0.4641808271408081,220.5864
10022_00_10s.ARW,test_10022_01_0.1s.png,29.652928219575966,0.83414483,0.3839322328567505,144.0212
10022_00_10s.ARW,test_10022_02_0.1s.png,29.664251841233522,0.8343248,0.3837355077266693,141.4704
10022_00_10s.ARW,test_10022_03_0.1s.png,29.672395330916306,0.83447737,0.38476547598838806,142.4548
10022_00_10s.ARW,test_10022_04_0.1s.png,29.63553489588845,0.8339223,0.38281142711639404,146.7904
10022_00_10s.ARW,test_10022_05_0.1s.png,29.68552693272887,0.8345911,0.38269591331481934,141.556
10022_00_10s.ARW,test_10022_06_0.1s.png,29.68386137984652,0.8344427,0.38315778970718384,147.1376
10022_00_10s.ARW,test_10022_07_0.1s.png,29.643427233423168,0.83422285,0.38375645875930786,148.0792
10022_00_10s.ARW,test_10022_08_0.1s.png,29.669873602406053,0.8342104,0.3828010559082031,142.2384
10022_00_10s.ARW,test_10022_09_0.1s.png,29.67374207669795,0.83434707,0.38409554958343506,145.4936
10030_00_10s.ARW,test_10030_00_0.04s.png,26.216725972227792,0.8598283,0.3313941955566406,106.504
10030_00_10s.ARW,test_10030_00_0.1s.png,27.182823480661455,0.89936906,0.24846728146076202,98.0632
10030_00_10s.ARW,test_10030_01_0.04s.png,26.25318439698091,0.859992,0.3303520679473877,105.3032
10030_00_10s.ARW,test_10030_01_0.1s.png,27.155295212530653,0.8992667,0.2477426826953888,99.0764
10030_00_10s.ARW,test_10030_02_0.1s.png,27.137870452613107,0.89902806,0.24832840263843536,98.7856
10030_00_10s.ARW,test_10030_03_0.1s.png,27.136112197126884,0.89908713,0.2483018934726715,98.3352
10030_00_10s.ARW,test_10030_04_0.1s.png,27.16913409920743,0.8991332,0.24862419068813324,98.6044
10030_00_10s.ARW,test_10030_05_0.1s.png,27.13173216370436,0.8987775,0.24856352806091309,98.9232
10030_00_10s.ARW,test_10030_06_0.1s.png,27.21176488646277,0.8988457,0.24827565252780914,97.9952
10030_00_10s.ARW,test_10030_07_0.1s.png,27.122958851421807,0.8989379,0.2484300434589386,98.2488
10030_00_10s.ARW,test_10030_08_0.1s.png,27.116249941659444,0.898643,0.24779164791107178,98.6696
10030_00_10s.ARW,test_10030_09_0.1s.png,27.05051845974915,0.89844203,0.24864989519119263,98.4932
10032_00_10s.ARW,test_10032_00_0.04s.png,28.83913661504977,0.90533143,0.2883811891078949,134.7592
10032_00_10s.ARW,test_10032_00_0.1s.png,31.814549768961076,0.94037277,0.22917455434799194,133.5084
10032_00_10s.ARW,test_10032_01_0.04s.png,28.85853757577231,0.90572363,0.2873437702655792,138.1752
10032_00_10s.ARW,test_10032_01_0.1s.png,31.82320518944045,0.9404278,0.22898975014686584,134.0812
10032_00_10s.ARW,test_10032_02_0.1s.png,31.80729262665567,0.9403825,0.22911185026168823,133.018
10032_00_10s.ARW,test_10032_03_0.1s.png,31.780445027737304,0.9402466,0.2297554612159729,132.9416
10032_00_10s.ARW,test_10032_04_0.1s.png,31.795007166422238,0.94020456,0.22907710075378418,131.2624
10032_00_10s.ARW,test_10032_05_0.1s.png,31.779632351999684,0.9401927,0.22909078001976013,132.9412
10032_00_10s.ARW,test_10032_06_0.1s.png,31.79221518078759,0.94031984,0.2290896624326706,132.7088
10032_00_10s.ARW,test_10032_07_0.1s.png,31.809921619451643,0.94028586,0.22952105104923248,131.898
10032_00_10s.ARW,test_10032_08_0.1s.png,31.763663936566626,0.9398392,0.23043431341648102,133.0224
10032_00_10s.ARW,test_10032_09_0.1s.png,31.779459667325447,0.9401714,0.22935321927070618,133.4788
10035_00_10s.ARW,test_10035_00_0.04s.png,28.581565187150886,0.8631816,0.3078511953353882,266.9792
10035_00_10s.ARW,test_10035_00_0.1s.png,31.690314085515865,0.9042687,0.2540494203567505,155.8628
10035_00_10s.ARW,test_10035_01_0.04s.png,28.493254700133548,0.86240816,0.3077160120010376,260.74
10035_00_10s.ARW,test_10035_01_0.1s.png,31.67951969085849,0.90432,0.25413745641708374,153.9304
10035_00_10s.ARW,test_10035_02_0.1s.png,31.668368697098373,0.9042861,0.2546391487121582,155.4792
10035_00_10s.ARW,test_10035_03_0.1s.png,31.676772630354332,0.9042568,0.2535214126110077,155.7556
10035_00_10s.ARW,test_10035_04_0.1s.png,31.651720173134628,0.904192,0.2549753487110138,160.2156
10035_00_10s.ARW,test_10035_05_0.1s.png,31.397265859061953,0.9002225,0.25511300563812256,155.4352
10035_00_10s.ARW,test_10035_06_0.1s.png,31.460244985979884,0.9020298,0.2552489638328552,154.0412
10035_00_10s.ARW,test_10035_07_0.1s.png,31.64936851935106,0.90413517,0.25386863946914673,156.9
10035_00_10s.ARW,test_10035_08_0.1s.png,31.649389989438923,0.9041579,0.25364649295806885,158.8424
10035_00_10s.ARW,test_10035_09_0.1s.png,31.604465538855273,0.9041807,0.25466737151145935,158.6912
10035_00_10s.ARW,test_10035_10_0.1s.png,31.654171559127352,0.904253,0.2536761164665222,158.3088
10040_00_10s.ARW,test_10040_00_0.04s.png,29.073369673639007,0.83434534,0.4517228603363037,98.1216
10040_00_10s.ARW,test_10040_00_0.1s.png,29.90209160353195,0.8599197,0.4435216784477234,70.5904
10040_00_10s.ARW,test_10040_01_0.04s.png,28.919564583544478,0.8343279,0.4512694478034973,93.984
10040_00_10s.ARW,test_10040_01_0.1s.png,29.944884020128203,0.8600567,0.4436376690864563,71.592
10040_00_10s.ARW,test_10040_02_0.1s.png,29.86183099385647,0.8599319,0.44504261016845703,71.1344
10040_00_10s.ARW,test_10040_03_0.1s.png,29.96303238245414,0.85982865,0.4433369040489197,71.6916
10040_00_10s.ARW,test_10040_04_0.1s.png,29.961254485404048,0.86003274,0.4437975585460663,71.1684
10040_00_10s.ARW,test_10040_05_0.1s.png,29.894032287835536,0.85987216,0.44506946206092834,71.6504
10040_00_10s.ARW,test_10040_06_0.1s.png,29.934669744485134,0.85968876,0.4435480833053589,72.0072
10040_00_10s.ARW,test_10040_07_0.1s.png,29.933024015583808,0.85988647,0.44317102432250977,71.0336
10040_00_10s.ARW,test_10040_08_0.1s.png,29.949830760942948,0.86011785,0.44327476620674133,72.3832
10040_00_10s.ARW,test_10040_09_0.1s.png,29.981711578288333,0.859746,0.4439968168735504,71.9608
10054_00_10s.ARW,test_10054_00_0.04s.png,20.353760187994247,0.7794513,0.3861114978790283,104.4456
10054_00_10s.ARW,test_10054_00_0.1s.png,20.037099668900144,0.80435413,0.3892793655395508,94.6064
10054_00_10s.ARW,test_10054_01_0.04s.png,20.41127560801995,0.779344,0.3854997158050537,106.8068
10054_00_10s.ARW,test_10054_01_0.1s.png,20.042444730837502,0.80438495,0.38907307386398315,94.6684
10054_00_10s.ARW,test_10054_02_0.1s.png,20.00909339108751,0.8039505,0.3907327651977539,94.0012
10054_00_10s.ARW,test_10054_03_0.1s.png,20.05394575443869,0.8042872,0.3896036744117737,94.4048
10054_00_10s.ARW,test_10054_04_0.1s.png,20.022594356130096,0.8041809,0.3904568552970886,94.0184
10054_00_10s.ARW,test_10054_05_0.1s.png,20.046642732249957,0.80417997,0.39026808738708496,94.0648
10054_00_10s.ARW,test_10054_06_0.1s.png,20.02523805632244,0.8039365,0.3904021978378296,93.9264
10054_00_10s.ARW,test_10054_07_0.1s.png,20.042850255778948,0.80424786,0.39020419120788574,94.184
10054_00_10s.ARW,test_10054_08_0.1s.png,20.016892337909653,0.8040436,0.3901240825653076,94.4448
10054_00_10s.ARW,test_10054_09_0.1s.png,20.053238110463447,0.8043921,0.39014023542404175,94.5584
10055_00_10s.ARW,test_10055_00_0.04s.png,21.723264927259898,0.81946135,0.27703988552093506,98.2092
10055_00_10s.ARW,test_10055_00_0.1s.png,21.507356802684253,0.8413448,0.2306102216243744,89.572
10055_00_10s.ARW,test_10055_01_0.04s.png,21.625558345630175,0.81862926,0.27849894762039185,96.386
10055_00_10s.ARW,test_10055_01_0.1s.png,21.53406000836722,0.8416338,0.22967101633548737,89.4208
10055_00_10s.ARW,test_10055_02_0.1s.png,21.511406803830496,0.84115964,0.2306804209947586,89.3152
10055_00_10s.ARW,test_10055_03_0.1s.png,21.51070304539359,0.84106666,0.23081843554973602,90.0712
10055_00_10s.ARW,test_10055_04_0.1s.png,21.531234095432765,0.8414094,0.2298784703016281,89.7864
10055_00_10s.ARW,test_10055_05_0.1s.png,21.519618146411872,0.84156007,0.22962729632854462,89.944
10055_00_10s.ARW,test_10055_06_0.1s.png,21.547846506178555,0.84161806,0.23014263808727264,89.728
10055_00_10s.ARW,test_10055_07_0.1s.png,21.51141492658892,0.84115213,0.23046022653579712,89.9576
10055_00_10s.ARW,test_10055_08_0.1s.png,21.51376702711552,0.84120965,0.23022079467773438,89.6384
10055_00_10s.ARW,test_10055_09_0.1s.png,21.533485613964018,0.84149575,0.23014433681964874,90.0112
10068_00_10s.ARW,test_10068_00_0.04s.png,24.680382492545974,0.9184191,0.307402104139328,67.8268
10068_00_10s.ARW,test_10068_00_0.1s.png,24.88312072399456,0.9338866,0.24854785203933716,75.8196
10068_00_10s.ARW,test_10068_01_0.04s.png,24.38604079757761,0.9043703,0.3116621673107147,70.3804
10068_00_10s.ARW,test_10068_01_0.1s.png,24.85945446494986,0.9338889,0.24832221865653992,76.2004
10068_00_10s.ARW,test_10068_02_0.1s.png,24.863630360775097,0.9338014,0.24871525168418884,75.9004
10068_00_10s.ARW,test_10068_03_0.1s.png,24.840713030814342,0.9338126,0.2483842670917511,76.6548
10068_00_10s.ARW,test_10068_04_0.1s.png,24.83947957580905,0.9337902,0.24825863540172577,76.0336
10068_00_10s.ARW,test_10068_05_0.1s.png,24.837961850205005,0.93378526,0.24800868332386017,75.494
10068_00_10s.ARW,test_10068_06_0.1s.png,24.82799965669093,0.933811,0.24840348958969116,75.6672
10068_00_10s.ARW,test_10068_07_0.1s.png,24.808357491771744,0.9338359,0.24857595562934875,75.8608
10068_00_10s.ARW,test_10068_08_0.1s.png,24.791721393597918,0.9337504,0.24869531393051147,75.0176
10068_00_10s.ARW,test_10068_09_0.1s.png,24.783406941022086,0.933718,0.24888162314891815,75.9872
10069_00_10s.ARW,test_10069_00_0.04s.png,28.02993553136211,0.91341895,0.36823979020118713,112.7392
10069_00_10s.ARW,test_10069_00_0.1s.png,29.96333848786697,0.9430628,0.19498106837272644,86.112
10069_00_10s.ARW,test_10069_01_0.04s.png,28.151527950421116,0.9148831,0.36334267258644104,109.6208
10069_00_10s.ARW,test_10069_01_0.1s.png,29.901089160200314,0.94322675,0.19338609278202057,85.9708
10069_00_10s.ARW,test_10069_02_0.1s.png,29.822615771262694,0.94318455,0.1950729787349701,85.966
10069_00_10s.ARW,test_10069_03_0.1s.png,28.996264100540653,0.933417,0.1995946168899536,82.6576
10069_00_10s.ARW,test_10069_04_0.1s.png,29.73058540067212,0.9431722,0.1954875886440277,86.0448
10069_00_10s.ARW,test_10069_05_0.1s.png,29.688590615105532,0.9432543,0.19450098276138306,85.956
10069_00_10s.ARW,test_10069_06_0.1s.png,29.671328455684698,0.9432748,0.19510136544704437,85.3472
10069_00_10s.ARW,test_10069_07_0.1s.png,29.67564558679574,0.94329906,0.1956918090581894,85.0884
10069_00_10s.ARW,test_10069_08_0.1s.png,29.697651276995988,0.94324845,0.193992018699646,84.998
10069_00_10s.ARW,test_10069_09_0.1s.png,29.723259717024657,0.9431477,0.19587890803813934,85.7496
10074_00_30s.ARW,test_10074_00_0.1s.png,23.884550293954618,0.6571382,0.6328751444816589,398.296
10074_00_30s.ARW,test_10074_01_0.1s.png,24.059394546007425,0.6600573,0.6295905709266663,403.5592
10074_00_30s.ARW,test_10074_02_0.1s.png,23.984589668096593,0.6567846,0.6332555413246155,400.1012
10074_00_30s.ARW,test_10074_03_0.1s.png,24.049574398913247,0.6581092,0.6322701573371887,397.6548
10074_00_30s.ARW,test_10074_04_0.1s.png,23.94525237741359,0.658337,0.6301913261413574,397.0752
10074_00_30s.ARW,test_10074_05_0.1s.png,24.0985219321303,0.6583359,0.6311670541763306,407.7952
10074_00_30s.ARW,test_10074_06_0.1s.png,23.92881005683821,0.65620065,0.6352289319038391,399.6988
10074_00_30s.ARW,test_10074_07_0.1s.png,23.990329646930945,0.6570862,0.6323704719543457,392.1888
10074_00_30s.ARW,test_10074_08_0.1s.png,23.984634726380083,0.65825194,0.6335080862045288,394.7268
10074_00_30s.ARW,test_10074_09_0.1s.png,23.971511075514552,0.6557501,0.6313711404800415,400.1896
10077_00_30s.ARW,test_10077_00_0.1s.png,23.25776848106176,0.63213855,0.5136018991470337,263.8916
10077_00_30s.ARW,test_10077_01_0.1s.png,23.42109542422086,0.6327288,0.5120681524276733,259.1672
10077_00_30s.ARW,test_10077_02_0.1s.png,23.2755541923281,0.63255805,0.5120545625686646,263.0468
10077_00_30s.ARW,test_10077_03_0.1s.png,23.213410354974798,0.6304329,0.514173686504364,266.0392
10077_00_30s.ARW,test_10077_04_0.1s.png,23.181845595815975,0.6295461,0.5138012170791626,260.9436
10077_00_30s.ARW,test_10077_05_0.1s.png,23.220469467803582,0.6302374,0.5151448845863342,262.9784
10077_00_30s.ARW,test_10077_06_0.1s.png,23.202355090655455,0.6305539,0.5123313665390015,264.9888
10077_00_30s.ARW,test_10077_07_0.1s.png,23.058077836446603,0.6277464,0.5146266222000122,261.116
10077_00_30s.ARW,test_10077_08_0.1s.png,23.065653050756527,0.6272263,0.5181241035461426,254.436
10077_00_30s.ARW,test_10077_09_0.1s.png,23.215852813271027,0.62930846,0.5125413537025452,256.7376
10082_00_30s.ARW,test_10082_00_0.1s.png,25.556098251283785,0.70812345,0.487504780292511,249.24
10082_00_30s.ARW,test_10082_01_0.1s.png,25.651175315701728,0.7079713,0.48597973585128784,249.5952
10082_00_30s.ARW,test_10082_02_0.1s.png,25.51149806207019,0.70677584,0.4845706820487976,250.7036
10082_00_30s.ARW,test_10082_03_0.1s.png,25.597457085133076,0.70890045,0.48615705966949463,265.8792
10082_00_30s.ARW,test_10082_04_0.1s.png,25.65044941732055,0.7087583,0.4862697422504425,246.6344
10082_00_30s.ARW,test_10082_05_0.1s.png,25.512743068021297,0.70714784,0.4858205318450928,250.1532
10082_00_30s.ARW,test_10082_06_0.1s.png,25.642748016099354,0.70909876,0.4844047725200653,249.6864
10082_00_30s.ARW,test_10082_07_0.1s.png,25.606874250013746,0.7083964,0.48204126954078674,248.6564
10082_00_30s.ARW,test_10082_08_0.1s.png,25.53852751985502,0.70855325,0.4878350496292114,238.744
10082_00_30s.ARW,test_10082_09_0.1s.png,25.638246246627666,0.7097173,0.4856647849082947,248.1536
10087_00_30s.ARW,test_10087_00_0.1s.png,27.76157598456959,0.7411826,0.4538332521915436,561.9936
10087_00_30s.ARW,test_10087_01_0.1s.png,27.804339893207192,0.7416484,0.45319876074790955,562.1648
10087_00_30s.ARW,test_10087_02_0.1s.png,27.74921847299848,0.74176496,0.4549527168273926,567.3528
10087_00_30s.ARW,test_10087_03_0.1s.png,27.752508047199335,0.7403188,0.4535518288612366,566.3988
10087_00_30s.ARW,test_10087_04_0.1s.png,27.755333326905934,0.7399841,0.45673128962516785,542.5568
10087_00_30s.ARW,test_10087_05_0.1s.png,27.793884334509965,0.7389223,0.45803341269493103,538.4464
10087_00_30s.ARW,test_10087_06_0.1s.png,27.73780572327654,0.7397282,0.45513617992401123,554.3312
10087_00_30s.ARW,test_10087_07_0.1s.png,27.745516153151573,0.7390583,0.45709243416786194,549.7408
10087_00_30s.ARW,test_10087_08_0.1s.png,27.775494027636825,0.7408232,0.45439618825912476,542.7688
10087_00_30s.ARW,test_10087_09_0.1s.png,27.737639441320077,0.7401033,0.4544728398323059,554.572
10093_00_30s.ARW,test_10093_00_0.1s.png,21.770804076063914,0.42965212,0.5998480916023254,792.4316
10093_00_30s.ARW,test_10093_01_0.1s.png,22.01020817663315,0.43792045,0.5935686826705933,792.3308
10093_00_30s.ARW,test_10093_02_0.1s.png,21.905374690408976,0.43406558,0.5949205756187439,801.216
10093_00_30s.ARW,test_10093_03_0.1s.png,21.77748290975421,0.43395185,0.5957523584365845,808.572
10093_00_30s.ARW,test_10093_04_0.1s.png,21.610895095558526,0.42672727,0.5987443327903748,801.314
10093_00_30s.ARW,test_10093_05_0.1s.png,21.906237663611453,0.43622366,0.594970703125,807.9684
10093_00_30s.ARW,test_10093_06_0.1s.png,21.743409253847044,0.43322173,0.5981740951538086,779.3672
10093_00_30s.ARW,test_10093_07_0.1s.png,21.685519267528022,0.4325789,0.5953502058982849,822.0876
10093_00_30s.ARW,test_10093_08_0.1s.png,21.70680437164996,0.4325141,0.597785472869873,774.8672
10093_00_30s.ARW,test_10093_09_0.1s.png,21.764652868084006,0.43217042,0.5937170386314392,789.3992
10101_00_30s.ARW,test_10101_00_0.1s.png,27.246292432675048,0.7811551,0.4428532123565674,297.0964
10101_00_30s.ARW,test_10101_01_0.1s.png,27.247003501996222,0.7822209,0.44330036640167236,288.3288
10101_00_30s.ARW,test_10101_02_0.1s.png,27.277751724159867,0.78226376,0.4451705515384674,287.22
10101_00_30s.ARW,test_10101_03_0.1s.png,27.25998982992038,0.78175163,0.44366320967674255,287.7496
10101_00_30s.ARW,test_10101_04_0.1s.png,27.283083146733063,0.7830584,0.44467949867248535,293.1496
10101_00_30s.ARW,test_10101_05_0.1s.png,27.324326765217467,0.7826164,0.4448162615299225,287.8112
10101_00_30s.ARW,test_10101_06_0.1s.png,27.2866360586104,0.7835531,0.4440177083015442,270.8276
10101_00_30s.ARW,test_10101_07_0.1s.png,27.29718835823768,0.78320146,0.4447130560874939,282.224
10101_00_30s.ARW,test_10101_08_0.1s.png,27.294621674666878,0.7828152,0.44411444664001465,292.7216
10101_00_30s.ARW,test_10101_09_0.1s.png,27.316884066176957,0.7833285,0.44590041041374207,287.4612
10103_00_30s.ARW,test_10103_00_0.1s.png,25.748970645804647,0.7221828,0.49040812253952026,208.036
10103_00_30s.ARW,test_10103_01_0.1s.png,25.78516102545909,0.7237413,0.49161115288734436,217.0168
10103_00_30s.ARW,test_10103_02_0.1s.png,25.79597258889418,0.72409123,0.49007606506347656,210.6348
10103_00_30s.ARW,test_10103_03_0.1s.png,25.796448971633197,0.7245987,0.4897039830684662,226.0552
10103_00_30s.ARW,test_10103_04_0.1s.png,25.797144550202592,0.7237384,0.49033698439598083,209.2104
10103_00_30s.ARW,test_10103_05_0.1s.png,25.800127621762062,0.72350794,0.49001625180244446,219.3832
10103_00_30s.ARW,test_10103_06_0.1s.png,25.807408466543052,0.72478646,0.4902864992618561,219.9624
10103_00_30s.ARW,test_10103_07_0.1s.png,25.819214199663627,0.72515154,0.48900067806243896,211.8264
10103_00_30s.ARW,test_10103_08_0.1s.png,25.818649359123192,0.72559637,0.4890211820602417,216.2248
10105_00_30s.ARW,test_10105_00_0.1s.png,23.126077502593432,0.6116949,0.5854092836380005,198.1124
10105_00_30s.ARW,test_10105_01_0.1s.png,23.11703613810666,0.61148864,0.5840036273002625,197.8024
10105_00_30s.ARW,test_10105_02_0.1s.png,23.08055207031397,0.6107989,0.585771381855011,201.7256
10105_00_30s.ARW,test_10105_03_0.1s.png,23.067072614407614,0.60967857,0.5858414769172668,199.7952
10105_00_30s.ARW,test_10105_04_0.1s.png,23.061751131005977,0.6100452,0.5869370698928833,201.406
10105_00_30s.ARW,test_10105_05_0.1s.png,23.029657881020484,0.60953104,0.5853092074394226,202.8472
10105_00_30s.ARW,test_10105_06_0.1s.png,22.96919496244263,0.60708827,0.5867359638214111,200.0472
10105_00_30s.ARW,test_10105_07_0.1s.png,22.92448575377806,0.6056637,0.5860514044761658,201.0592
10105_00_30s.ARW,test_10105_08_0.1s.png,22.981936446587564,0.6068558,0.5859706401824951,197.51
10105_00_30s.ARW,test_10105_09_0.1s.png,23.095776206157787,0.610502,0.5865000486373901,197.2904
10106_00_30s.ARW,test_10106_00_0.1s.png,22.744209921787796,0.66080284,0.5702782273292542,230.2144
10106_00_30s.ARW,test_10106_01_0.1s.png,22.73385330467526,0.6600062,0.5722496509552002,240.3352
10106_00_30s.ARW,test_10106_02_0.1s.png,22.745481955941305,0.6607129,0.5719751119613647,230.8896
10106_00_30s.ARW,test_10106_03_0.1s.png,22.73987939635017,0.66036844,0.5704774260520935,229.4012
10106_00_30s.ARW,test_10106_04_0.1s.png,22.76774438601067,0.6595141,0.5709608793258667,229.8336
10106_00_30s.ARW,test_10106_05_0.1s.png,22.757689150745193,0.6594165,0.5702880024909973,232.2748
10106_00_30s.ARW,test_10106_06_0.1s.png,22.728990462397924,0.6594653,0.5722721815109253,229.8824
10106_00_30s.ARW,test_10106_07_0.1s.png,22.74610371647206,0.6598675,0.5706210136413574,230.5248
10106_00_30s.ARW,test_10106_08_0.1s.png,22.726590430807914,0.65974975,0.571969211101532,225.5448
10106_00_30s.ARW,test_10106_09_0.1s.png,22.74789427404428,0.66039985,0.5705921053886414,233.5604
10111_00_30s.ARW,test_10111_00_0.1s.png,26.274022749294108,0.6845305,0.4336282014846802,820.4736
10111_00_30s.ARW,test_10111_01_0.1s.png,26.30437706723442,0.6870915,0.4340600371360779,846.6288
10111_00_30s.ARW,test_10111_02_0.1s.png,26.32052602971774,0.6835027,0.4396924078464508,831.1576
10111_00_30s.ARW,test_10111_03_0.1s.png,26.411793831151154,0.6874768,0.43546661734580994,820.9516
10111_00_30s.ARW,test_10111_04_0.1s.png,26.310708802922612,0.6865454,0.43616044521331787,845.5684
10111_00_30s.ARW,test_10111_05_0.1s.png,26.315030844857034,0.6859021,0.43667420744895935,823.6532
10111_00_30s.ARW,test_10111_06_0.1s.png,26.29377439231121,0.6855097,0.4402374029159546,863.3592
10111_00_30s.ARW,test_10111_07_0.1s.png,26.328405296818353,0.68651146,0.4382919669151306,860.288
10111_00_30s.ARW,test_10111_08_0.1s.png,26.332493764260395,0.6865086,0.43400120735168457,839.6988
10111_00_30s.ARW,test_10111_09_0.1s.png,26.224282660051315,0.6834019,0.43623608350753784,820.3768
10116_00_30s.ARW,test_10116_00_0.1s.png,23.74130282742753,0.66681975,0.5192533731460571,189.8124
10116_00_30s.ARW,test_10116_01_0.1s.png,23.705295841854152,0.66707534,0.5185855031013489,194.5436
10116_00_30s.ARW,test_10116_02_0.1s.png,23.78787098497069,0.668569,0.516897976398468,194.1668
10116_00_30s.ARW,test_10116_03_0.1s.png,23.75419602722575,0.6667195,0.5189515352249146,192.9792
10116_00_30s.ARW,test_10116_04_0.1s.png,23.756901760596037,0.666378,0.517853319644928,190.732
10116_00_30s.ARW,test_10116_05_0.1s.png,23.755973806367415,0.6682007,0.5191575884819031,186.084
10116_00_30s.ARW,test_10116_06_0.1s.png,23.749657090688572,0.66964054,0.5166429281234741,190.0948
10116_00_30s.ARW,test_10116_07_0.1s.png,23.716484699934817,0.66839,0.51783287525177,193.5348
10116_00_30s.ARW,test_10116_08_0.1s.png,23.74775922485989,0.6693545,0.5158023834228516,193.4312
10116_00_30s.ARW,test_10116_09_0.1s.png,23.7449160544168,0.6686513,0.5177291035652161,190.3
10125_00_30s.ARW,test_10125_00_0.1s.png,24.64281086353491,0.79121226,0.45533889532089233,128.4632
10125_00_30s.ARW,test_10125_01_0.1s.png,24.58300941863666,0.78960204,0.45531654357910156,132.9776
10125_00_30s.ARW,test_10125_02_0.1s.png,24.6110725884208,0.7899366,0.4557465612888336,128.8968
10125_00_30s.ARW,test_10125_03_0.1s.png,24.637256502882533,0.7905607,0.455669105052948,128.0704
10125_00_30s.ARW,test_10125_04_0.1s.png,24.57538055530414,0.7897959,0.45515677332878113,132.232
10125_00_30s.ARW,test_10125_05_0.1s.png,24.615956123215486,0.79010755,0.4576597809791565,127.6576
10125_00_30s.ARW,test_10125_06_0.1s.png,24.604082099087293,0.79033285,0.45648157596588135,131.5824
10125_00_30s.ARW,test_10125_07_0.1s.png,24.60587355418359,0.79003763,0.4555690884590149,130.8272
10125_00_30s.ARW,test_10125_08_0.1s.png,24.63043719038626,0.7906496,0.45550623536109924,135.7088
10125_00_30s.ARW,test_10125_09_0.1s.png,24.60551248902926,0.79022866,0.4567492604255676,132.17
10126_00_30s.ARW,test_10126_00_0.1s.png,27.233290019922173,0.8287037,0.3931727111339569,169.2088
10126_00_30s.ARW,test_10126_01_0.1s.png,27.255540028308104,0.82934874,0.39374786615371704,167.1792
10126_00_30s.ARW,test_10126_02_0.1s.png,27.313974653790893,0.8294835,0.394259512424469,163.262
10126_00_30s.ARW,test_10126_03_0.1s.png,27.23694370663464,0.82831794,0.3938981592655182,183.2132
10126_00_30s.ARW,test_10126_04_0.1s.png,27.23637437403,0.82832384,0.39479634165763855,170.8488
10126_00_30s.ARW,test_10126_05_0.1s.png,27.26161624083947,0.8297419,0.39353764057159424,172.428
10126_00_30s.ARW,test_10126_06_0.1s.png,27.299048890973637,0.8295768,0.39358729124069214,170.5368
10126_00_30s.ARW,test_10126_07_0.1s.png,27.260861013908887,0.8291692,0.3942391872406006,166.5312
10126_00_30s.ARW,test_10126_08_0.1s.png,27.275128750943544,0.8290705,0.3946940302848816,179.0928
10126_00_30s.ARW,test_10126_09_0.1s.png,27.299156334269455,0.8301566,0.3943473994731903,172.0752
10139_00_30s.ARW,test_10139_00_0.1s.png,26.914444376444166,0.73770547,0.44192296266555786,307.4288
10139_00_30s.ARW,test_10139_01_0.1s.png,26.929044773182728,0.7363401,0.4422505497932434,303.4312
10139_00_30s.ARW,test_10139_02_0.1s.png,26.961217019236123,0.73722553,0.44116419553756714,301.692
10139_00_30s.ARW,test_10139_03_0.1s.png,26.99725258585328,0.7380748,0.4425351023674011,291.436
10139_00_30s.ARW,test_10139_04_0.1s.png,27.003112463484214,0.73601604,0.4425949156284332,304.968
10139_00_30s.ARW,test_10139_05_0.1s.png,26.960628793874054,0.7371359,0.44309574365615845,309.996
10139_00_30s.ARW,test_10139_06_0.1s.png,27.009344120440044,0.73721313,0.44262510538101196,315.184
10139_00_30s.ARW,test_10139_07_0.1s.png,26.984184639912225,0.73713684,0.44395339488983154,297.8656
10139_00_30s.ARW,test_10139_08_0.1s.png,26.99636310074212,0.7368329,0.4414623975753784,292.3408
10139_00_30s.ARW,test_10139_09_0.1s.png,27.00049360305873,0.735979,0.44440758228302,294.2168
10140_00_30s.ARW,test_10140_00_0.1s.png,27.482802955470923,0.70709944,0.27506697177886963,562.5588
10140_00_30s.ARW,test_10140_01_0.1s.png,27.46638613056644,0.70617294,0.27669769525527954,547.4208
10140_00_30s.ARW,test_10140_02_0.1s.png,27.279733649135103,0.70257425,0.275327205657959,553.8328
10140_00_30s.ARW,test_10140_03_0.1s.png,27.524611204982516,0.705679,0.27582424879074097,552.4216
10140_00_30s.ARW,test_10140_04_0.1s.png,27.544166743799302,0.7072614,0.2756609320640564,549.1748
10140_00_30s.ARW,test_10140_05_0.1s.png,27.535527224539784,0.70924544,0.2758391499519348,559.2928
10140_00_30s.ARW,test_10140_06_0.1s.png,27.47087095578408,0.70394427,0.2775689661502838,557.474
10140_00_30s.ARW,test_10140_07_0.1s.png,27.536889275334104,0.7081919,0.27400681376457214,562.07
10140_00_30s.ARW,test_10140_08_0.1s.png,27.491855284625647,0.7077751,0.27576860785484314,561.6
10140_00_30s.ARW,test_10140_09_0.1s.png,27.54628621776782,0.7104276,0.27550819516181946,563.1856
10162_00_30s.ARW,test_10162_00_0.1s.png,25.349341163983496,0.773469,0.4332503080368042,249.2352
10162_00_30s.ARW,test_10162_01_0.1s.png,25.38124150931047,0.7735724,0.43457067012786865,230.22
10162_00_30s.ARW,test_10162_02_0.1s.png,25.380144247605458,0.77369356,0.43514546751976013,232.8976
10162_00_30s.ARW,test_10162_03_0.1s.png,25.404879639588955,0.7748745,0.43513813614845276,240.952
10162_00_30s.ARW,test_10162_04_0.1s.png,25.45826948585397,0.7767577,0.4349075257778168,251.9344
10162_00_30s.ARW,test_10162_05_0.1s.png,25.42656018720468,0.7753319,0.43428611755371094,240.048
10162_00_30s.ARW,test_10162_06_0.1s.png,25.343966191893973,0.77306885,0.4359953701496124,244.5824
10162_00_30s.ARW,test_10162_07_0.1s.png,25.42423311833431,0.77600497,0.4354023039340973,237.9448
10162_00_30s.ARW,test_10162_08_0.1s.png,25.389742440135223,0.77431947,0.43570825457572937,252.5432
10162_00_30s.ARW,test_10162_09_0.1s.png,25.31403410659197,0.77180344,0.4345836639404297,240.5096
10163_00_30s.ARW,test_10163_00_0.1s.png,28.195112825773492,0.82872504,0.3280527591705322,232.3672
10163_00_30s.ARW,test_10163_01_0.1s.png,28.15862389230563,0.8281556,0.3281938135623932,236.648
10163_00_30s.ARW,test_10163_02_0.1s.png,28.346317023014628,0.83123165,0.3277261555194855,224.6992
10163_00_30s.ARW,test_10163_03_0.1s.png,28.573051858761637,0.83516616,0.3313963711261749,213.5776
10163_00_30s.ARW,test_10163_04_0.1s.png,28.49038862492613,0.8348985,0.3313000202178955,224.952
10163_00_30s.ARW,test_10163_05_0.1s.png,28.287909894345397,0.83274287,0.3330639898777008,222.7592
10163_00_30s.ARW,test_10163_06_0.1s.png,27.9879708840583,0.83005553,0.3330574929714203,226.892
10163_00_30s.ARW,test_10163_07_0.1s.png,27.556095099271694,0.8262846,0.3342323899269104,225.5608
10163_00_30s.ARW,test_10163_08_0.1s.png,27.111070914480795,0.8230879,0.33616000413894653,220.044
10163_00_30s.ARW,test_10163_09_0.1s.png,26.728616955544553,0.81999683,0.33668890595436096,219.4088
10167_00_30s.ARW,test_10167_00_0.1s.png,24.778704530940338,0.7104985,0.4283217191696167,157.0416
10167_00_30s.ARW,test_10167_01_0.1s.png,24.750059913762733,0.7102255,0.42776817083358765,157.9424
10167_00_30s.ARW,test_10167_02_0.1s.png,24.733714626403778,0.7098279,0.4266735315322876,157.7112
10167_00_30s.ARW,test_10167_03_0.1s.png,24.767124006338285,0.7099142,0.4282146096229553,156.1228
10167_00_30s.ARW,test_10167_04_0.1s.png,24.7505408579447,0.7096806,0.4273803234100342,152.2768
10167_00_30s.ARW,test_10167_05_0.1s.png,24.761179767363053,0.7095881,0.4286971092224121,153.7596
10167_00_30s.ARW,test_10167_06_0.1s.png,24.74684611376819,0.7100583,0.4280465543270111,162.5528
10167_00_30s.ARW,test_10167_07_0.1s.png,24.758313416331333,0.70996493,0.4286373257637024,158.0256
10167_00_30s.ARW,test_10167_08_0.1s.png,24.769641957768474,0.710252,0.42720070481300354,155.3392
10167_00_30s.ARW,test_10167_09_0.1s.png,24.73180715843059,0.7090526,0.42755991220474243,152.908
10170_00_30s.ARW,test_10170_00_0.1s.png,25.049497704141302,0.8028324,0.4325297474861145,168.4192
10170_00_30s.ARW,test_10170_01_0.1s.png,25.126668553143702,0.80493015,0.43049368262290955,173.3264
10170_00_30s.ARW,test_10170_02_0.1s.png,25.045114852113684,0.8028948,0.43246325850486755,169.1572
10170_00_30s.ARW,test_10170_03_0.1s.png,24.093379510595383,0.77123517,0.44512760639190674,169.1512
10170_00_30s.ARW,test_10170_04_0.1s.png,25.088505826085537,0.8040684,0.43186724185943604,171.6912
10170_00_30s.ARW,test_10170_05_0.1s.png,25.087938745779745,0.80411863,0.4309697151184082,173.1536
10170_00_30s.ARW,test_10170_06_0.1s.png,25.02928087262173,0.8028068,0.43253231048583984,170.3112
10170_00_30s.ARW,test_10170_07_0.1s.png,25.01770443790306,0.80188435,0.4325467050075531,167.6236
10170_00_30s.ARW,test_10170_08_0.1s.png,25.081989319511806,0.80410355,0.4308449327945709,171.038
10170_00_30s.ARW,test_10170_09_0.1s.png,25.04413384697262,0.80258626,0.4315001368522644,172.0168
10176_00_30s.ARW,test_10176_00_0.1s.png,26.173141909464135,0.81301874,0.37688419222831726,204.5564
10176_00_30s.ARW,test_10176_01_0.1s.png,26.174022460985963,0.8131011,0.37556785345077515,202.0216
10176_00_30s.ARW,test_10176_02_0.1s.png,26.063807193482624,0.8121889,0.37672093510627747,199.4736
10176_00_30s.ARW,test_10176_03_0.1s.png,26.14740916330672,0.81297034,0.37659192085266113,197.7012
10176_00_30s.ARW,test_10176_04_0.1s.png,25.037621896276512,0.8115279,0.37683555483818054,201.5224
10176_00_30s.ARW,test_10176_05_0.1s.png,24.99699324796164,0.81066567,0.37941786646842957,201.6296
10176_00_30s.ARW,test_10176_06_0.1s.png,24.944366399747977,0.80932444,0.3794296681880951,184.5328
10176_00_30s.ARW,test_10176_07_0.1s.png,24.975093382933,0.81032413,0.3766695559024811,196.512
10176_00_30s.ARW,test_10176_08_0.1s.png,25.02276257144556,0.8106394,0.3781887888908386,198.168
10178_00_10s.ARW,test_10178_00_0.033s.png,26.47873724663995,0.77983713,0.5728705525398254,245.3
10178_00_10s.ARW,test_10178_00_0.04s.png,27.073463044160007,0.8011108,0.5394738912582397,201.1868
10178_00_10s.ARW,test_10178_00_0.1s.png,27.895429578170795,0.86281925,0.40598630905151367,124.3904
10178_00_10s.ARW,test_10178_01_0.033s.png,26.399485563977198,0.7788901,0.5740731358528137,239.7216
10178_00_10s.ARW,test_10178_01_0.04s.png,27.126224752925193,0.8028045,0.5333041548728943,206.4248
10178_00_10s.ARW,test_10178_01_0.1s.png,27.898429749377524,0.86283284,0.40555351972579956,125.9468
10178_00_10s.ARW,test_10178_02_0.04s.png,26.932063852615435,0.8009756,0.5370513200759888,199.708
10178_00_10s.ARW,test_10178_03_0.04s.png,26.94581683217816,0.8004239,0.5397418737411499,220.7008
10178_00_10s.ARW,test_10178_04_0.04s.png,27.066224855400556,0.8017561,0.536877453327179,202.4992
10178_00_10s.ARW,test_10178_05_0.04s.png,27.26990011864381,0.8029909,0.5341721177101135,206.3848
10178_00_10s.ARW,test_10178_06_0.04s.png,27.185760266407893,0.8019867,0.5368955135345459,218.6632
10178_00_10s.ARW,test_10178_07_0.04s.png,27.073043078030086,0.8014078,0.537409782409668,197.8712
10178_00_10s.ARW,test_10178_08_0.04s.png,27.089487530100087,0.8022631,0.5364062786102295,210.7896
10178_00_10s.ARW,test_10178_09_0.04s.png,27.173266760438825,0.8026754,0.5373563170433044,203.2432
10185_00_10s.ARW,test_10185_00_0.033s.png,21.738780729115064,0.45853075,0.8099088072776794,289.368
10185_00_10s.ARW,test_10185_00_0.04s.png,22.215110987653162,0.47608885,0.7920686602592468,249.818
10185_00_10s.ARW,test_10185_00_0.1s.png,23.328580561319345,0.54685825,0.7197387218475342,154.9092
10185_00_10s.ARW,test_10185_01_0.033s.png,21.731167187408698,0.4573295,0.8095784187316895,283.4584
10185_00_10s.ARW,test_10185_01_0.04s.png,22.200995505103542,0.47606674,0.7925547361373901,248.58
10185_00_10s.ARW,test_10185_01_0.1s.png,23.28717743205656,0.5466439,0.7204206585884094,155.7128
10185_00_10s.ARW,test_10185_02_0.04s.png,22.183904162434096,0.47467875,0.7927237749099731,246.07
10185_00_10s.ARW,test_10185_03_0.04s.png,22.21608361484234,0.47523713,0.7906538248062134,245.6176
10185_00_10s.ARW,test_10185_04_0.04s.png,22.20512999277215,0.47650337,0.790554940700531,248.9388
10185_00_10s.ARW,test_10185_05_0.04s.png,22.203243677275037,0.47651848,0.7893128991127014,245.8744
10185_00_10s.ARW,test_10185_06_0.04s.png,22.181609677076565,0.47531974,0.7910582423210144,250.6496
10185_00_10s.ARW,test_10185_07_0.04s.png,22.18551064057356,0.47549248,0.7925204634666443,244.0464
10185_00_10s.ARW,test_10185_08_0.04s.png,22.201936176346532,0.47595835,0.7893790602684021,248.5256
10185_00_10s.ARW,test_10185_09_0.04s.png,22.20688866774852,0.47631148,0.7908035516738892,247.8608
10185_00_10s.ARW,test_10185_10_0.04s.png,22.19265644381728,0.47553506,0.7917193174362183,248.8656
10185_00_10s.ARW,test_10185_11_0.04s.png,22.201842946402657,0.47619593,0.7889295220375061,248.1828
10185_00_10s.ARW,test_10185_12_0.04s.png,22.196950799915047,0.47569242,0.7915076613426208,250.9408
10185_00_10s.ARW,test_10185_13_0.04s.png,22.205752722606785,0.47705695,0.7918382287025452,247.5792
10185_00_10s.ARW,test_10185_14_0.04s.png,22.195718167562664,0.4751155,0.7917342185974121,248.0912
10187_00_10s.ARW,test_10187_00_0.033s.png,25.861225296996828,0.45528755,0.7274755239486694,811.6208
10187_00_10s.ARW,test_10187_00_0.04s.png,26.660017667918403,0.46702743,0.7200043201446533,770.2316
10187_00_10s.ARW,test_10187_00_0.1s.png,28.139471601229896,0.50509125,0.7050870060920715,837.0948
10187_00_10s.ARW,test_10187_01_0.033s.png,25.632479894896623,0.45064282,0.7293470501899719,781.652
10187_00_10s.ARW,test_10187_01_0.04s.png,26.533059567109298,0.46564078,0.719777524471283,787.4916
10187_00_10s.ARW,test_10187_01_0.1s.png,28.10641058778156,0.50499815,0.7029958963394165,831.7524
10187_00_10s.ARW,test_10187_02_0.04s.png,26.60626802377505,0.4657476,0.7254472970962524,793.6648
10187_00_10s.ARW,test_10187_03_0.04s.png,26.59596060661105,0.46557924,0.7224676609039307,816.3512
10187_00_10s.ARW,test_10187_04_0.04s.png,26.49545995464387,0.4647434,0.7233577370643616,764.2304
10187_00_10s.ARW,test_10187_05_0.04s.png,26.700708648803687,0.46786654,0.7208688259124756,778.6564
10187_00_10s.ARW,test_10187_06_0.04s.png,26.55245719240774,0.466352,0.7177824974060059,742.4144
10187_00_10s.ARW,test_10187_07_0.04s.png,26.618607775374365,0.46539187,0.7218555808067322,787.2912
10187_00_10s.ARW,test_10187_08_0.04s.png,26.480728539674633,0.46372357,0.721592366695404,787.1352
10187_00_10s.ARW,test_10187_09_0.04s.png,26.5788866852855,0.46771803,0.715911865234375,781.616
10191_00_10s.ARW,test_10191_00_0.033s.png,24.573769702231342,0.48678985,0.8242254853248596,320.9988
10191_00_10s.ARW,test_10191_00_0.04s.png,25.044018774590157,0.49967504,0.8088752627372742,289.612
10191_00_10s.ARW,test_10191_00_0.1s.png,26.561914682902742,0.54265684,0.7753488421440125,190.9748
10191_00_10s.ARW,test_10191_01_0.033s.png,24.589995791382506,0.48627627,0.8224200010299683,317.5312
10191_00_10s.ARW,test_10191_01_0.04s.png,25.052318701795922,0.50077,0.8076448440551758,285.588
10191_00_10s.ARW,test_10191_01_0.1s.png,26.5765139707667,0.54278356,0.774658739566803,190.6428
10191_00_10s.ARW,test_10191_02_0.04s.png,25.052960885556843,0.5000158,0.8086285591125488,285.5128
10191_00_10s.ARW,test_10191_03_0.04s.png,25.01389734570199,0.4995818,0.8074834942817688,284.736
10191_00_10s.ARW,test_10191_04_0.04s.png,25.09083892147276,0.5011452,0.8059625029563904,288.1832
10191_00_10s.ARW,test_10191_05_0.04s.png,25.080649082374737,0.5008237,0.809624433517456,287.6512
10191_00_10s.ARW,test_10191_06_0.04s.png,25.072716939454335,0.4999124,0.8103770017623901,282.8968
10191_00_10s.ARW,test_10191_07_0.04s.png,25.055251842350437,0.50022775,0.8095077276229858,289.2048
10191_00_10s.ARW,test_10191_08_0.04s.png,24.974560293142748,0.5003215,0.807121217250824,278.8964
10191_00_10s.ARW,test_10191_09_0.04s.png,25.05604047466,0.5011282,0.8080580234527588,283.3152
10192_00_10s.ARW,test_10192_00_0.033s.png,24.598006020161183,0.7391947,0.6885730624198914,138.7064
10192_00_10s.ARW,test_10192_00_0.04s.png,26.31839676056557,0.7555063,0.6711364984512329,119.2344
10192_00_10s.ARW,test_10192_00_0.1s.png,28.86492901483574,0.80910784,0.5826674103736877,95.7232
10192_00_10s.ARW,test_10192_01_0.033s.png,24.556948342323807,0.7391767,0.6905975937843323,139.2488
10192_00_10s.ARW,test_10192_01_0.04s.png,26.325270302519442,0.75539756,0.6698265671730042,119.7772
10192_00_10s.ARW,test_10192_01_0.1s.png,28.857324969040498,0.80877,0.5825111865997314,95.4528
10192_00_10s.ARW,test_10192_02_0.04s.png,26.28342414457828,0.75514936,0.6696017384529114,118.6696
10192_00_10s.ARW,test_10192_03_0.04s.png,26.321699722060306,0.75524044,0.6724356412887573,118.2696
10192_00_10s.ARW,test_10192_04_0.04s.png,26.297912239927793,0.7554374,0.6688228249549866,118.1896
10192_00_10s.ARW,test_10192_05_0.04s.png,26.371532486853376,0.7554331,0.6701322793960571,117.676
10192_00_10s.ARW,test_10192_06_0.04s.png,26.381968916974653,0.7553437,0.671723484992981,119.7116
10192_00_10s.ARW,test_10192_07_0.04s.png,26.35286294391179,0.755367,0.667954683303833,119.6916
10192_00_10s.ARW,test_10192_08_0.04s.png,26.410302074812392,0.75521153,0.668747067451477,121.7744
10192_00_10s.ARW,test_10192_09_0.04s.png,26.360573980393298,0.754965,0.6705573797225952,120.5112
10192_00_10s.ARW,test_10192_10_0.04s.png,26.386394933119114,0.7554908,0.6709372997283936,119.1656
10193_00_10s.ARW,test_10193_00_0.033s.png,26.90526866584773,0.6869356,0.5822160243988037,568.4
10193_00_10s.ARW,test_10193_00_0.04s.png,27.913944556120743,0.7139452,0.5552747845649719,528.7188
10193_00_10s.ARW,test_10193_00_0.1s.png,29.38382672709035,0.7925031,0.4586327373981476,315.4136
10193_00_10s.ARW,test_10193_01_0.033s.png,27.04876049969421,0.685589,0.5850726366043091,598.1304
10193_00_10s.ARW,test_10193_01_0.04s.png,28.02380970589047,0.7163961,0.5466853976249695,527.9388
10193_00_10s.ARW,test_10193_01_0.1s.png,29.33498593119708,0.7913223,0.45986101031303406,321.296
10193_00_10s.ARW,test_10193_02_0.04s.png,27.9051239003335,0.7132831,0.5564252138137817,535.1248
10193_00_10s.ARW,test_10193_03_0.04s.png,27.768417069568535,0.7101242,0.5592291355133057,529.4416
10193_00_10s.ARW,test_10193_04_0.04s.png,27.76521218639521,0.7091801,0.5642717480659485,529.2864
10193_00_10s.ARW,test_10193_05_0.04s.png,27.91954288174045,0.7141295,0.5571150779724121,497.648
10193_00_10s.ARW,test_10193_06_0.04s.png,28.0259717620927,0.7169087,0.5521577596664429,506.7312
10193_00_10s.ARW,test_10193_07_0.04s.png,28.00840451435409,0.7150781,0.5544500350952148,513.308
10193_00_10s.ARW,test_10193_08_0.04s.png,27.99228888131859,0.71665114,0.5509709715843201,505.7272
10193_00_10s.ARW,test_10193_09_0.04s.png,27.900952149484162,0.71602815,0.5518747568130493,513.5208
10198_00_10s.ARW,test_10198_00_0.033s.png,17.04348919251542,0.23814984,0.9620000123977661,993.3688
10198_00_10s.ARW,test_10198_00_0.04s.png,18.06362513234297,0.2595094,0.9504541754722595,916.856
10198_00_10s.ARW,test_10198_00_0.1s.png,20.763957599274733,0.32502708,0.8904034495353699,602.56
10198_00_10s.ARW,test_10198_01_0.033s.png,17.111255361362424,0.23725295,0.961408793926239,968.6044
10198_00_10s.ARW,test_10198_01_0.04s.png,17.931914092172274,0.25862065,0.9524444341659546,926.508
10198_00_10s.ARW,test_10198_01_0.1s.png,20.86079960812794,0.3258312,0.8894633650779724,606.4808
10198_00_10s.ARW,test_10198_02_0.04s.png,18.103632725217352,0.2602705,0.9570325016975403,895.8768
10198_00_10s.ARW,test_10198_03_0.04s.png,17.97668676460723,0.25866276,0.9506300687789917,910.4888
10198_00_10s.ARW,test_10198_04_0.04s.png,17.99442136118807,0.25908527,0.9519805312156677,887.4884
10198_00_10s.ARW,test_10198_05_0.04s.png,18.137284326822332,0.2589104,0.9489870667457581,899.7464
10198_00_10s.ARW,test_10198_06_0.04s.png,18.08999938203854,0.2595342,0.9525473713874817,914.2792
10198_00_10s.ARW,test_10198_07_0.04s.png,18.054831430256417,0.25979677,0.9518595337867737,937.2492
10198_00_10s.ARW,test_10198_08_0.04s.png,18.06459335668566,0.25872588,0.9518815279006958,901.928
10198_00_10s.ARW,test_10198_09_0.04s.png,18.02665776493365,0.25939038,0.9536229372024536,911.1536
10199_00_10s.ARW,test_10199_00_0.033s.png,22.196696636911053,0.55521494,0.7775626182556152,394.9824
10199_00_10s.ARW,test_10199_00_0.04s.png,22.998020576297638,0.57703155,0.7576359510421753,360.1016
10199_00_10s.ARW,test_10199_00_0.1s.png,24.084311954683002,0.6380244,0.687291145324707,234.6464
10199_00_10s.ARW,test_10199_01_0.033s.png,22.146387169283305,0.5549193,0.7767434120178223,400.7568
10199_00_10s.ARW,test_10199_01_0.04s.png,22.98615276857469,0.5758856,0.7564199566841125,350.6136
10199_00_10s.ARW,test_10199_01_0.1s.png,24.07547892665701,0.6380128,0.6881515979766846,230.416
10199_00_10s.ARW,test_10199_02_0.04s.png,23.019085101314065,0.57622504,0.7558834552764893,351.7712
10199_00_10s.ARW,test_10199_03_0.04s.png,22.98290588332829,0.5751846,0.756525456905365,358.772
10199_00_10s.ARW,test_10199_04_0.04s.png,22.972232418335317,0.57648236,0.7552484273910522,357.8568
10199_00_10s.ARW,test_10199_05_0.04s.png,23.048171523397713,0.5771139,0.7577247023582458,357.2184
10199_00_10s.ARW,test_10199_06_0.04s.png,23.06786047285594,0.5766699,0.7568243741989136,354.2836
10199_00_10s.ARW,test_10199_07_0.04s.png,22.99849552741097,0.57588696,0.7565671801567078,359.9088
10199_00_10s.ARW,test_10199_08_0.04s.png,22.97559576038145,0.57517946,0.7573119401931763,356.0132
10199_00_10s.ARW,test_10199_09_0.04s.png,23.049120475835426,0.5758907,0.7570438981056213,351.6904
10199_00_10s.ARW,test_10199_10_0.04s.png,22.96885473158715,0.57565176,0.7564631700515747,361.5952
10199_00_10s.ARW,test_10199_11_0.04s.png,22.946616331569118,0.57486343,0.7583332061767578,357.17
10203_00_10s.ARW,test_10203_00_0.033s.png,24.149555370931594,0.59763473,0.7420597672462463,605.2488
10203_00_10s.ARW,test_10203_00_0.04s.png,25.145112787255766,0.6253245,0.728990912437439,514.1648
10203_00_10s.ARW,test_10203_00_0.1s.png,26.709310860142452,0.6988368,0.6283388137817383,308.4704
10203_00_10s.ARW,test_10203_01_0.033s.png,24.17722875396234,0.5993104,0.7360999584197998,613.4696
10203_00_10s.ARW,test_10203_01_0.04s.png,25.0955305527718,0.6262529,0.7266334891319275,496.0188
10203_00_10s.ARW,test_10203_01_0.1s.png,26.67484422180973,0.6989887,0.6286251544952393,294.7652
10203_00_10s.ARW,test_10203_02_0.04s.png,25.113542613368406,0.62627846,0.7237411141395569,528.5496
10203_00_10s.ARW,test_10203_03_0.04s.png,25.130102120904002,0.6258213,0.7282692790031433,506.1304
10203_00_10s.ARW,test_10203_04_0.04s.png,25.129437461481643,0.6249724,0.7257233262062073,523.5604
10203_00_10s.ARW,test_10203_05_0.04s.png,25.113989749305663,0.62603647,0.728343665599823,489.9332
10203_00_10s.ARW,test_10203_06_0.04s.png,25.100159162865832,0.62617576,0.7272189855575562,514.884
10203_00_10s.ARW,test_10203_07_0.04s.png,25.088551347701507,0.6252561,0.724294900894165,536.5888
10203_00_10s.ARW,test_10203_08_0.04s.png,25.1148168863509,0.62523574,0.7282745242118835,502.0448
10203_00_10s.ARW,test_10203_09_0.04s.png,25.0424769231778,0.6246059,0.728709876537323,522.346
10213_00_10s.ARW,test_10213_00_0.033s.png,22.40131212729044,0.41894782,0.9292901158332825,459.196
10213_00_10s.ARW,test_10213_00_0.04s.png,23.33853772381857,0.44538274,0.9186379313468933,394.0504
10213_00_10s.ARW,test_10213_00_0.1s.png,25.692009085781503,0.5264577,0.8688271045684814,233.864
10213_00_10s.ARW,test_10213_01_0.033s.png,22.407847604549257,0.42075714,0.9323283433914185,450.7504
10213_00_10s.ARW,test_10213_01_0.04s.png,23.291537924911637,0.44560662,0.9197109341621399,389.434
10213_00_10s.ARW,test_10213_01_0.1s.png,25.70996602596859,0.52715164,0.8659181594848633,241.2644
10213_00_10s.ARW,test_10213_02_0.04s.png,23.276840157186292,0.4472057,0.9171085357666016,394.206
10213_00_10s.ARW,test_10213_02_0.1s.png,25.66923091231111,0.526504,0.8663675785064697,244.3804
10213_00_10s.ARW,test_10213_03_0.04s.png,23.291564606835742,0.4466816,0.9187987446784973,389.2312
10213_00_10s.ARW,test_10213_04_0.04s.png,23.275765305592845,0.4452618,0.9200329780578613,392.2872
10213_00_10s.ARW,test_10213_05_0.04s.png,23.384038957953305,0.44776168,0.9179636836051941,405.6424
10213_00_10s.ARW,test_10213_06_0.04s.png,23.375467196674006,0.4469107,0.9204477667808533,385.152
10213_00_10s.ARW,test_10213_07_0.04s.png,23.349149525852965,0.44560066,0.9219804406166077,403.1456
10213_00_10s.ARW,test_10213_08_0.04s.png,23.304526957057075,0.44598615,0.9218774437904358,396.028
10213_00_10s.ARW,test_10213_09_0.04s.png,23.396669556729073,0.44561136,0.9208365678787231,396.2312
10217_00_10s.ARW,test_10217_00_0.033s.png,23.248863160105916,0.49993682,0.8428763151168823,332.6944
10217_00_10s.ARW,test_10217_00_0.04s.png,24.13994157170205,0.5171123,0.8287668824195862,316.736
10217_00_10s.ARW,test_10217_00_0.1s.png,26.25819057766587,0.58371985,0.7620366811752319,256.3616
10217_00_10s.ARW,test_10217_01_0.033s.png,23.152801103590463,0.49830487,0.8416106104850769,339.1872
10217_00_10s.ARW,test_10217_01_0.04s.png,24.159768956332208,0.5186214,0.8260494470596313,323.4108
10217_00_10s.ARW,test_10217_01_0.1s.png,26.25077949948397,0.5840943,0.7621546387672424,257.7744
10217_00_10s.ARW,test_10217_02_0.04s.png,24.177300647500886,0.5176186,0.8277639746665955,311.202
10217_00_10s.ARW,test_10217_03_0.04s.png,24.145469613793725,0.5168008,0.8271810412406921,322.9416
10217_00_10s.ARW,test_10217_04_0.04s.png,24.137763715905628,0.51699036,0.8285403847694397,328.0804
10217_00_10s.ARW,test_10217_05_0.04s.png,24.057027598415775,0.51690036,0.8304577469825745,324.8688
10217_00_10s.ARW,test_10217_06_0.04s.png,24.11547287393673,0.51737666,0.8241085410118103,326.6216
10217_00_10s.ARW,test_10217_07_0.04s.png,24.106611277917178,0.51668996,0.8254268169403076,323.2632
10217_00_10s.ARW,test_10217_08_0.04s.png,24.183142219176595,0.51783115,0.8271712064743042,323.4752
10217_00_10s.ARW,test_10217_09_0.04s.png,23.799160564447575,0.5034099,0.8285843729972839,325.1904
10226_00_10s.ARW,test_10226_00_0.033s.png,22.37914620616155,0.533314,0.8248937726020813,420.4916
10226_00_10s.ARW,test_10226_00_0.04s.png,23.252509484028245,0.54469496,0.8150050640106201,371.8012
10226_00_10s.ARW,test_10226_00_0.1s.png,25.624060895591192,0.6077149,0.7275628447532654,252.7464
10226_00_10s.ARW,test_10226_01_0.033s.png,22.374449019674923,0.5344973,0.8280278444290161,408.0436
10226_00_10s.ARW,test_10226_01_0.04s.png,23.246132595033593,0.54519796,0.8148871660232544,368.2424
10226_00_10s.ARW,test_10226_01_0.1s.png,25.596276750606393,0.6074099,0.7298852205276489,249.916
10226_00_10s.ARW,test_10226_02_0.04s.png,23.298988817591155,0.54518455,0.8109171390533447,367.7864
10226_00_10s.ARW,test_10226_03_0.04s.png,23.306254289291168,0.5444831,0.8129079937934875,365.4968
10226_00_10s.ARW,test_10226_04_0.04s.png,23.19630347838428,0.5445035,0.8138287663459778,364.258
10226_00_10s.ARW,test_10226_05_0.04s.png,23.247776028125493,0.54518694,0.8124001026153564,369.1088
10226_00_10s.ARW,test_10226_06_0.04s.png,23.21669154549422,0.544933,0.8127192854881287,364.22
10226_00_10s.ARW,test_10226_07_0.04s.png,23.253169349633268,0.5448877,0.8142395615577698,370.622
10226_00_10s.ARW,test_10226_08_0.04s.png,23.325288278820516,0.5453132,0.8097123503684998,369.668
10226_00_10s.ARW,test_10226_09_0.04s.png,23.16270024767162,0.54552394,0.8138951659202576,372.6364
10227_00_10s.ARW,test_10227_00_0.033s.png,24.896171702871857,0.4826027,0.8251115083694458,637.592
10227_00_10s.ARW,test_10227_00_0.04s.png,25.614881531496213,0.49984202,0.8154841065406799,608.2992
10227_00_10s.ARW,test_10227_00_0.1s.png,27.421090383359044,0.5620726,0.766563892364502,332.9324
10227_00_10s.ARW,test_10227_01_0.033s.png,24.791828400386233,0.47821096,0.8256082534790039,650.6192
10227_00_10s.ARW,test_10227_01_0.04s.png,25.593578908142888,0.49894962,0.8180049657821655,575.448
10227_00_10s.ARW,test_10227_01_0.1s.png,27.42661631395752,0.56130177,0.7658719420433044,332.22
10227_00_10s.ARW,test_10227_02_0.04s.png,25.511697042331143,0.499194,0.8171213269233704,579.1696
10227_00_10s.ARW,test_10227_03_0.04s.png,25.513127279513913,0.49790204,0.8170234560966492,579.1012
10227_00_10s.ARW,test_10227_04_0.04s.png,25.55537273020624,0.49857426,0.8159863948822021,577.1336
10227_00_10s.ARW,test_10227_05_0.04s.png,25.53866951999529,0.49852738,0.8165597319602966,582.7808
10227_00_10s.ARW,test_10227_06_0.04s.png,25.575037632042985,0.49779534,0.8174683451652527,586.0672
10227_00_10s.ARW,test_10227_07_0.04s.png,25.519718846696193,0.49939668,0.8163841962814331,569.4728
10227_00_10s.ARW,test_10227_08_0.04s.png,25.551721641788973,0.4995251,0.8146715760231018,577.6064
10227_00_10s.ARW,test_10227_09_0.04s.png,25.551755241761676,0.4983524,0.818812906742096,570.1264
10228_00_10s.ARW,test_10228_00_0.033s.png,22.017838989729515,0.37087667,0.8335451483726501,920.2024
10228_00_10s.ARW,test_10228_00_0.04s.png,22.608076852407486,0.3856674,0.8207531571388245,875.1632
10228_00_10s.ARW,test_10228_00_0.1s.png,24.63418381071747,0.4540765,0.757739245891571,614.5952
10228_00_10s.ARW,test_10228_01_0.033s.png,21.93344599378078,0.3710425,0.8345375061035156,913.0452
10228_00_10s.ARW,test_10228_01_0.04s.png,22.6830798543064,0.3889931,0.8182933926582336,867.5264
10228_00_10s.ARW,test_10228_01_0.1s.png,24.616942546717485,0.4542235,0.75794917345047,600.1032
10228_00_10s.ARW,test_10228_02_0.04s.png,22.736497842761302,0.387206,0.8154345154762268,863.8272
10228_00_10s.ARW,test_10228_03_0.04s.png,22.693822449226655,0.38758835,0.8158142566680908,864.8348
10228_00_10s.ARW,test_10228_04_0.04s.png,22.790443470795477,0.38977945,0.8187978863716125,878.138
10228_00_10s.ARW,test_10228_05_0.04s.png,22.582256478723064,0.3868365,0.8174630403518677,858.4384
10228_00_10s.ARW,test_10228_06_0.04s.png,22.74099645806201,0.38612685,0.8205121755599976,862.0364
10228_00_10s.ARW,test_10228_07_0.04s.png,22.62774119955506,0.3883643,0.8201848864555359,861.2112
10228_00_10s.ARW,test_10228_08_0.04s.png,22.668985774649784,0.38782215,0.817704975605011,868.2956
10228_00_10s.ARW,test_10228_09_0.04s.png,22.69574496561779,0.3877759,0.8176329135894775,856.3904
,AVERAGE,25.67457884641503,0.6951601505279541,0.5366724411628848,314.3105323843416
