gt,generated,psnr,ssim,lpips
10003_00_10s.ARW,test_10003_00_0.04s.png,26.469388832440014,0.71432,0.520171582698822
10003_00_10s.ARW,test_10003_00_0.1s.png,27.44091295711053,0.75554705,0.4765326976776123
10003_00_10s.ARW,test_10003_01_0.04s.png,26.508604134581386,0.71516186,0.5203630924224854
10003_00_10s.ARW,test_10003_01_0.1s.png,27.436734054627085,0.75473785,0.47850167751312256
10003_00_10s.ARW,test_10003_02_0.04s.png,26.73202105569168,0.7198801,0.5133479833602905
10003_00_10s.ARW,test_10003_02_0.1s.png,27.423345928410555,0.7547738,0.4774828255176544
10003_00_10s.ARW,test_10003_03_0.04s.png,26.410887396293884,0.71236545,0.5236316323280334
10003_00_10s.ARW,test_10003_03_0.1s.png,27.41291116095693,0.7539911,0.4785008728504181
10003_00_10s.ARW,test_10003_04_0.1s.png,27.410616130598598,0.75423175,0.478122740983963
10003_00_10s.ARW,test_10003_05_0.1s.png,27.436712272327497,0.7552249,0.4764527678489685
10003_00_10s.ARW,test_10003_06_0.1s.png,27.413987242246648,0.7539537,0.4783000946044922
10003_00_10s.ARW,test_10003_07_0.1s.png,27.448888474619476,0.753658,0.47924625873565674
10003_00_10s.ARW,test_10003_08_0.1s.png,27.425471769740835,0.7557848,0.4757857620716095
10003_00_10s.ARW,test_10003_09_0.1s.png,27.45012694405763,0.7553347,0.4772540032863617
10006_00_10s.ARW,test_10006_00_0.04s.png,29.437423601343575,0.8362684,0.4095970094203949
10006_00_10s.ARW,test_10006_00_0.1s.png,30.644637549467664,0.86391306,0.385777086019516
10006_00_10s.ARW,test_10006_01_0.04s.png,28.961941959659715,0.8307562,0.41510361433029175
10006_00_10s.ARW,test_10006_01_0.1s.png,30.58555160856724,0.8640892,0.3848568797111511
10006_00_10s.ARW,test_10006_02_0.1s.png,30.621147303948444,0.86455375,0.38528889417648315
10006_00_10s.ARW,test_10006_03_0.1s.png,30.60797411682782,0.86449355,0.3851853907108307
10006_00_10s.ARW,test_10006_04_0.1s.png,30.601391692393314,0.8642464,0.3847675025463104
10006_00_10s.ARW,test_10006_05_0.1s.png,30.57814039804208,0.8643021,0.38461244106292725
10006_00_10s.ARW,test_10006_06_0.1s.png,30.62731678880628,0.86356574,0.3878096342086792
10006_00_10s.ARW,test_10006_07_0.1s.png,30.68054166312395,0.86429673,0.386172354221344
10006_00_10s.ARW,test_10006_08_0.1s.png,30.717823690079666,0.8638174,0.3868272304534912
10006_00_10s.ARW,test_10006_09_0.1s.png,30.731817374197995,0.864597,0.38608744740486145
10011_00_10s.ARW,test_10011_00_0.04s.png,29.443481613510084,0.88157517,0.367290735244751
10011_00_10s.ARW,test_10011_00_0.1s.png,29.438578082435377,0.905397,0.2929553985595703
10011_00_10s.ARW,test_10011_01_0.04s.png,29.48170124328278,0.8811607,0.369093120098114
10011_00_10s.ARW,test_10011_01_0.1s.png,29.364411441253683,0.90494865,0.2918410897254944
10011_00_10s.ARW,test_10011_02_0.1s.png,29.427528598030058,0.90509653,0.29267892241477966
10011_00_10s.ARW,test_10011_03_0.1s.png,29.440996196365408,0.905204,0.2935318946838379
10011_00_10s.ARW,test_10011_04_0.1s.png,29.413061501718456,0.9050152,0.29548150300979614
10011_00_10s.ARW,test_10011_05_0.1s.png,29.457143051238504,0.90542084,0.29274681210517883
10011_00_10s.ARW,test_10011_06_0.1s.png,29.368281429435136,0.9048837,0.292397141456604
10011_00_10s.ARW,test_10011_07_0.1s.png,29.369671907933977,0.9050514,0.29212188720703125
10011_00_10s.ARW,test_10011_08_0.1s.png,29.401953361698077,0.90509576,0.2925356924533844
10011_00_10s.ARW,test_10011_09_0.1s.png,29.319026305135143,0.9049414,0.29078587889671326
10016_00_10s.ARW,test_10016_00_0.04s.png,28.04873920553274,0.7921856,0.4568024277687073
10016_00_10s.ARW,test_10016_00_0.1s.png,28.538931536697262,0.815955,0.4477504789829254
10016_00_10s.ARW,test_10016_01_0.04s.png,28.053018691799053,0.79202765,0.454524964094162
10016_00_10s.ARW,test_10016_01_0.1s.png,28.52914878691799,0.8160612,0.4466961622238159
10016_00_10s.ARW,test_10016_02_0.1s.png,28.52040690867629,0.8153154,0.4476063549518585
10016_00_10s.ARW,test_10016_03_0.1s.png,28.5456638008144,0.81596833,0.44733062386512756
10016_00_10s.ARW,test_10016_04_0.1s.png,28.52605012258249,0.816102,0.44775986671447754
10016_00_10s.ARW,test_10016_05_0.1s.png,28.52251822827073,0.81561345,0.4464039206504822
10016_00_10s.ARW,test_10016_06_0.1s.png,28.52794090438989,0.81606406,0.4474371671676636
10016_00_10s.ARW,test_10016_07_0.1s.png,28.529412491074027,0.81556195,0.4474170506000519
10016_00_10s.ARW,test_10016_08_0.1s.png,28.527043736456847,0.81576616,0.4461611807346344
10016_00_10s.ARW,test_10016_09_0.1s.png,28.322732473589568,0.80836457,0.4475911557674408
10022_00_10s.ARW,test_10022_00_0.04s.png,28.639660822477172,0.79952407,0.44194871187210083
10022_00_10s.ARW,test_10022_00_0.1s.png,29.154535436640305,0.8290351,0.3985823690891266
10022_00_10s.ARW,test_10022_01_0.04s.png,28.548272132444946,0.7983467,0.4400331974029541
10022_00_10s.ARW,test_10022_01_0.1s.png,29.161241538523647,0.8290586,0.39883682131767273
10022_00_10s.ARW,test_10022_02_0.1s.png,29.154210522799517,0.82904524,0.3985889256000519
10022_00_10s.ARW,test_10022_03_0.1s.png,29.181754675806655,0.829576,0.3997640609741211
10022_00_10s.ARW,test_10022_04_0.1s.png,29.11335496101975,0.8284332,0.3978714942932129
10022_00_10s.ARW,test_10022_05_0.1s.png,29.181019766815307,0.82935864,0.3985736072063446
10022_00_10s.ARW,test_10022_06_0.1s.png,29.171606939465082,0.82923585,0.397847980260849
10022_00_10s.ARW,test_10022_07_0.1s.png,29.129346944643707,0.82886624,0.398933470249176
10022_00_10s.ARW,test_10022_08_0.1s.png,29.15595746374485,0.8289246,0.3982037901878357
10022_00_10s.ARW,test_10022_09_0.1s.png,29.163101257030924,0.829145,0.39900386333465576
10030_00_10s.ARW,test_10030_00_0.04s.png,26.178811076600887,0.85049015,0.3060610890388489
10030_00_10s.ARW,test_10030_00_0.1s.png,26.8939429245945,0.8780616,0.2459402233362198
10030_00_10s.ARW,test_10030_01_0.04s.png,25.96052669639444,0.84926987,0.30652478337287903
10030_00_10s.ARW,test_10030_01_0.1s.png,26.880812249340735,0.8779735,0.2450982630252838
10030_00_10s.ARW,test_10030_02_0.1s.png,26.916627773370102,0.8780592,0.24568051099777222
10030_00_10s.ARW,test_10030_03_0.1s.png,26.882244827764076,0.8779258,0.24550625681877136
10030_00_10s.ARW,test_10030_04_0.1s.png,26.923085930767847,0.8780424,0.24547633528709412
10030_00_10s.ARW,test_10030_05_0.1s.png,26.89076209475902,0.87773275,0.24565410614013672
10030_00_10s.ARW,test_10030_06_0.1s.png,26.894348524754143,0.8774743,0.24581003189086914
10030_00_10s.ARW,test_10030_07_0.1s.png,26.87709412327539,0.87775517,0.2457685023546219
10030_00_10s.ARW,test_10030_08_0.1s.png,26.85092284219937,0.87750286,0.245408296585083
10030_00_10s.ARW,test_10030_09_0.1s.png,26.84433871222572,0.8775019,0.2456003874540329
10032_00_10s.ARW,test_10032_00_0.04s.png,30.044432092365888,0.9113772,0.2598196864128113
10032_00_10s.ARW,test_10032_00_0.1s.png,32.06216740128509,0.93300986,0.26751330494880676
10032_00_10s.ARW,test_10032_01_0.04s.png,30.087981412351546,0.9122069,0.25927263498306274
10032_00_10s.ARW,test_10032_01_0.1s.png,32.06545517509605,0.93311214,0.2681800425052643
10032_00_10s.ARW,test_10032_02_0.1s.png,32.059592777782285,0.9331543,0.26707208156585693
10032_00_10s.ARW,test_10032_03_0.1s.png,32.04373915265259,0.9330415,0.26808756589889526
10032_00_10s.ARW,test_10032_04_0.1s.png,32.04399540782203,0.93300647,0.2682405114173889
10032_00_10s.ARW,test_10032_05_0.1s.png,32.02888757608299,0.9329198,0.26835012435913086
10032_00_10s.ARW,test_10032_06_0.1s.png,32.06858979373158,0.9332967,0.26789790391921997
10032_00_10s.ARW,test_10032_07_0.1s.png,32.07502483244923,0.93319494,0.2679339647293091
10032_00_10s.ARW,test_10032_08_0.1s.png,31.97938956405393,0.93259495,0.2683436870574951
10032_00_10s.ARW,test_10032_09_0.1s.png,32.00620513213029,0.93307906,0.2682560682296753
10035_00_10s.ARW,test_10035_00_0.04s.png,30.236089279650272,0.8851061,0.28640395402908325
10035_00_10s.ARW,test_10035_00_0.1s.png,33.42972830637383,0.9237695,0.25075089931488037
10035_00_10s.ARW,test_10035_01_0.04s.png,30.135140277090706,0.8844592,0.2866060137748718
10035_00_10s.ARW,test_10035_01_0.1s.png,33.43527239067912,0.9238489,0.2507132887840271
10035_00_10s.ARW,test_10035_02_0.1s.png,33.44032842209971,0.9240008,0.2516014277935028
10035_00_10s.ARW,test_10035_03_0.1s.png,33.444578695750394,0.9240739,0.2509801387786865
10035_00_10s.ARW,test_10035_04_0.1s.png,33.442138689083734,0.92400247,0.25096848607063293
10035_00_10s.ARW,test_10035_05_0.1s.png,33.086289477484804,0.92069024,0.2510835826396942
10035_00_10s.ARW,test_10035_06_0.1s.png,33.19902856947307,0.922487,0.25180041790008545
10035_00_10s.ARW,test_10035_07_0.1s.png,33.43665543497412,0.92389536,0.25074177980422974
10035_00_10s.ARW,test_10035_08_0.1s.png,33.42789864088037,0.92359513,0.2502860724925995
10035_00_10s.ARW,test_10035_09_0.1s.png,33.40771086327556,0.9237953,0.2506721615791321
10035_00_10s.ARW,test_10035_10_0.1s.png,33.46033243489516,0.9238758,0.25026771426200867
10040_00_10s.ARW,test_10040_00_0.04s.png,30.803157036048965,0.8242573,0.46903952956199646
10040_00_10s.ARW,test_10040_00_0.1s.png,30.120915598724004,0.8381669,0.4971175789833069
10040_00_10s.ARW,test_10040_01_0.04s.png,30.725947286592564,0.82455486,0.4692683219909668
10040_00_10s.ARW,test_10040_01_0.1s.png,30.15329546184328,0.8383877,0.4970357418060303
10040_00_10s.ARW,test_10040_02_0.1s.png,30.150375685163407,0.8384922,0.4976956844329834
10040_00_10s.ARW,test_10040_03_0.1s.png,30.143238706320638,0.8384316,0.4972214698791504
10040_00_10s.ARW,test_10040_04_0.1s.png,30.14858149180722,0.8382897,0.49698206782341003
10040_00_10s.ARW,test_10040_05_0.1s.png,30.172229771941446,0.8383765,0.49710074067115784
10040_00_10s.ARW,test_10040_06_0.1s.png,30.14012406690327,0.838321,0.4970158338546753
10040_00_10s.ARW,test_10040_07_0.1s.png,30.10459740954735,0.83818024,0.49703383445739746
10040_00_10s.ARW,test_10040_08_0.1s.png,30.168351432365533,0.838357,0.49717122316360474
10040_00_10s.ARW,test_10040_09_0.1s.png,30.12580496641588,0.838381,0.49701055884361267
10054_00_10s.ARW,test_10054_00_0.04s.png,18.16493306256691,0.761317,0.4410144090652466
10054_00_10s.ARW,test_10054_00_0.1s.png,17.89431863909377,0.78022057,0.4663753807544708
10054_00_10s.ARW,test_10054_01_0.04s.png,18.205989318442036,0.76125985,0.43975314497947693
10054_00_10s.ARW,test_10054_01_0.1s.png,17.89834053028833,0.7801978,0.4657914936542511
10054_00_10s.ARW,test_10054_02_0.1s.png,17.87514727851066,0.78038675,0.46805065870285034
10054_00_10s.ARW,test_10054_03_0.1s.png,17.90762155541595,0.77996135,0.4659716486930847
10054_00_10s.ARW,test_10054_04_0.1s.png,17.883917193477664,0.78014404,0.4671861231327057
10054_00_10s.ARW,test_10054_05_0.1s.png,17.903539039155156,0.7802039,0.46689373254776
10054_00_10s.ARW,test_10054_06_0.1s.png,17.88640551124286,0.779928,0.4671062231063843
10054_00_10s.ARW,test_10054_07_0.1s.png,17.89979758607477,0.7801814,0.4668191075325012
10054_00_10s.ARW,test_10054_08_0.1s.png,17.88207890735958,0.78009444,0.4671671390533447
10054_00_10s.ARW,test_10054_09_0.1s.png,17.90478672636241,0.7802581,0.467041552066803
10055_00_10s.ARW,test_10055_00_0.04s.png,19.37846419045935,0.80413824,0.31007808446884155
10055_00_10s.ARW,test_10055_00_0.1s.png,19.16097673428947,0.817127,0.30553048849105835
10055_00_10s.ARW,test_10055_01_0.04s.png,19.26864565397211,0.80346084,0.3132486343383789
10055_00_10s.ARW,test_10055_01_0.1s.png,19.178926773560562,0.8172721,0.30504655838012695
10055_00_10s.ARW,test_10055_02_0.1s.png,19.16346110863091,0.81674343,0.3052304983139038
10055_00_10s.ARW,test_10055_03_0.1s.png,19.165397058959808,0.8168373,0.3054874539375305
10055_00_10s.ARW,test_10055_04_0.1s.png,19.17991658693172,0.8171107,0.30477026104927063
10055_00_10s.ARW,test_10055_05_0.1s.png,19.17116060820048,0.81721663,0.3046477437019348
10055_00_10s.ARW,test_10055_06_0.1s.png,19.192922101037528,0.8172818,0.3045106828212738
10055_00_10s.ARW,test_10055_07_0.1s.png,19.165590399294146,0.81682104,0.3048003017902374
10055_00_10s.ARW,test_10055_08_0.1s.png,19.166022147730423,0.81701213,0.30550429224967957
10055_00_10s.ARW,test_10055_09_0.1s.png,19.182061826881704,0.8173,0.30483922362327576
10068_00_10s.ARW,test_10068_00_0.04s.png,23.324639797084657,0.8937741,0.2711865305900574
10068_00_10s.ARW,test_10068_00_0.1s.png,23.145189232704713,0.89974624,0.27747607231140137
10068_00_10s.ARW,test_10068_01_0.04s.png,23.15892251602236,0.8849979,0.2733585834503174
10068_00_10s.ARW,test_10068_01_0.1s.png,23.113770803210954,0.8996716,0.27802249789237976
10068_00_10s.ARW,test_10068_02_0.1s.png,23.129211962122532,0.8997,0.2777278423309326
10068_00_10s.ARW,test_10068_03_0.1s.png,23.110494850055993,0.8997037,0.2775726616382599
10068_00_10s.ARW,test_10068_04_0.1s.png,23.0926039849359,0.8995524,0.2779880166053772
10068_00_10s.ARW,test_10068_05_0.1s.png,23.099993170996456,0.89967495,0.27750739455223083
10068_00_10s.ARW,test_10068_06_0.1s.png,23.086869979111565,0.89958,0.27736201882362366
10068_00_10s.ARW,test_10068_07_0.1s.png,23.061107646376563,0.89956063,0.2781171500682831
10068_00_10s.ARW,test_10068_08_0.1s.png,23.0477111885326,0.89952445,0.2780265808105469
10068_00_10s.ARW,test_10068_09_0.1s.png,23.038823884152826,0.8994536,0.27842989563941956
10069_00_10s.ARW,test_10069_00_0.04s.png,30.891190679807046,0.9245508,0.235577791929245
10069_00_10s.ARW,test_10069_00_0.1s.png,31.608376571090353,0.93807095,0.16502192616462708
10069_00_10s.ARW,test_10069_01_0.04s.png,31.024893055424833,0.9254791,0.23085248470306396
10069_00_10s.ARW,test_10069_01_0.1s.png,31.58592884942167,0.9383771,0.16373112797737122
10069_00_10s.ARW,test_10069_02_0.1s.png,31.537405717887165,0.9383572,0.16401958465576172
10069_00_10s.ARW,test_10069_03_0.1s.png,30.550111058155554,0.9309316,0.16821303963661194
10069_00_10s.ARW,test_10069_04_0.1s.png,31.50600083410182,0.93862134,0.1643957793712616
10069_00_10s.ARW,test_10069_05_0.1s.png,31.46714463068445,0.93850106,0.16445091366767883
10069_00_10s.ARW,test_10069_06_0.1s.png,31.4608220004078,0.9387005,0.1646876186132431
10069_00_10s.ARW,test_10069_07_0.1s.png,31.480317027374063,0.9387059,0.16403891146183014
10069_00_10s.ARW,test_10069_08_0.1s.png,31.469038191710826,0.9385149,0.16419193148612976
10069_00_10s.ARW,test_10069_09_0.1s.png,31.517824043095853,0.9385855,0.16437117755413055
10074_00_30s.ARW,test_10074_00_0.1s.png,24.130516287409947,0.73016405,0.5312981009483337
10074_00_30s.ARW,test_10074_01_0.1s.png,24.249859265078307,0.7301337,0.5290992856025696
10074_00_30s.ARW,test_10074_02_0.1s.png,24.179308275655703,0.7295889,0.5338554978370667
10074_00_30s.ARW,test_10074_03_0.1s.png,24.20034821912905,0.73017263,0.5324589014053345
10074_00_30s.ARW,test_10074_04_0.1s.png,24.10128790606486,0.73007894,0.5327027440071106
10074_00_30s.ARW,test_10074_05_0.1s.png,24.246372152432997,0.7300742,0.5320826768875122
10074_00_30s.ARW,test_10074_06_0.1s.png,24.15049408781185,0.72895235,0.5328640341758728
10074_00_30s.ARW,test_10074_07_0.1s.png,24.102737964563794,0.72884464,0.5321082472801208
10074_00_30s.ARW,test_10074_08_0.1s.png,24.223150761821866,0.7311468,0.5324668884277344
10074_00_30s.ARW,test_10074_09_0.1s.png,24.133089527317644,0.72864676,0.5329510569572449
10077_00_30s.ARW,test_10077_00_0.1s.png,22.75206473300652,0.6466884,0.5265954732894897
10077_00_30s.ARW,test_10077_01_0.1s.png,22.923820727860658,0.64750046,0.5238383412361145
10077_00_30s.ARW,test_10077_02_0.1s.png,22.783555842757252,0.6467066,0.5231776237487793
10077_00_30s.ARW,test_10077_03_0.1s.png,22.739204667980463,0.64572006,0.5260952711105347
10077_00_30s.ARW,test_10077_04_0.1s.png,22.681200692392753,0.6453333,0.5240762829780579
10077_00_30s.ARW,test_10077_05_0.1s.png,22.736108699101884,0.6461602,0.5245462656021118
10077_00_30s.ARW,test_10077_06_0.1s.png,22.709699054432313,0.6463353,0.5245257616043091
10077_00_30s.ARW,test_10077_07_0.1s.png,22.61415310783066,0.64399475,0.5257245302200317
10077_00_30s.ARW,test_10077_08_0.1s.png,22.582775508039383,0.6443508,0.5264679193496704
10077_00_30s.ARW,test_10077_09_0.1s.png,22.744622771773905,0.6448453,0.5244008302688599
10082_00_30s.ARW,test_10082_00_0.1s.png,25.70997445233647,0.7075214,0.5032753348350525
10082_00_30s.ARW,test_10082_01_0.1s.png,25.769783619763373,0.70766187,0.5032448768615723
10082_00_30s.ARW,test_10082_02_0.1s.png,25.630110381795674,0.7055705,0.5003921389579773
10082_00_30s.ARW,test_10082_03_0.1s.png,25.762773996214847,0.7080085,0.5027646422386169
10082_00_30s.ARW,test_10082_04_0.1s.png,25.807924824031694,0.7083352,0.5032117962837219
10082_00_30s.ARW,test_10082_05_0.1s.png,25.63565518658426,0.7063671,0.500750720500946
10082_00_30s.ARW,test_10082_06_0.1s.png,25.778863932474316,0.7081297,0.4996793568134308
10082_00_30s.ARW,test_10082_07_0.1s.png,25.749090753907517,0.70723623,0.49844890832901
10082_00_30s.ARW,test_10082_08_0.1s.png,25.68790435543513,0.70778894,0.5030465722084045
10082_00_30s.ARW,test_10082_09_0.1s.png,25.762624233447767,0.7092901,0.5012073516845703
10087_00_30s.ARW,test_10087_00_0.1s.png,28.64247884500275,0.7615096,0.4453909397125244
10087_00_30s.ARW,test_10087_01_0.1s.png,28.702023731195933,0.76238537,0.44498130679130554
10087_00_30s.ARW,test_10087_02_0.1s.png,28.661193011790978,0.76328,0.44695279002189636
10087_00_30s.ARW,test_10087_03_0.1s.png,28.63223749944,0.7609937,0.44500476121902466
10087_00_30s.ARW,test_10087_04_0.1s.png,28.61390505604816,0.76033705,0.450815349817276
10087_00_30s.ARW,test_10087_05_0.1s.png,28.642761028544818,0.75872225,0.45016127824783325
10087_00_30s.ARW,test_10087_06_0.1s.png,28.580927049371525,0.7601957,0.44534194469451904
10087_00_30s.ARW,test_10087_07_0.1s.png,28.636584253291563,0.7592651,0.4491443634033203
10087_00_30s.ARW,test_10087_08_0.1s.png,28.66361380188543,0.76123923,0.44612833857536316
10087_00_30s.ARW,test_10087_09_0.1s.png,28.613935898494,0.7605729,0.4479619860649109
10093_00_30s.ARW,test_10093_00_0.1s.png,21.195758509408474,0.46366167,0.5962490439414978
10093_00_30s.ARW,test_10093_01_0.1s.png,21.38507269328454,0.47090408,0.5891292691230774
10093_00_30s.ARW,test_10093_02_0.1s.png,21.315798581169382,0.47136268,0.5930176377296448
10093_00_30s.ARW,test_10093_03_0.1s.png,21.225853516670657,0.46904668,0.5966984629631042
10093_00_30s.ARW,test_10093_04_0.1s.png,21.122245437662045,0.46434402,0.5970192551612854
10093_00_30s.ARW,test_10093_05_0.1s.png,21.32735826958752,0.469775,0.5914304256439209
10093_00_30s.ARW,test_10093_06_0.1s.png,21.1808380239769,0.4676133,0.5942732691764832
10093_00_30s.ARW,test_10093_07_0.1s.png,21.168008233024175,0.4656274,0.5925222635269165
10093_00_30s.ARW,test_10093_08_0.1s.png,21.165664578371054,0.46582928,0.5916462540626526
10093_00_30s.ARW,test_10093_09_0.1s.png,21.200252272843684,0.46713457,0.592564046382904
10101_00_30s.ARW,test_10101_00_0.1s.png,27.941241400384538,0.78017217,0.44269153475761414
10101_00_30s.ARW,test_10101_01_0.1s.png,27.968190644398607,0.78135425,0.4423636794090271
10101_00_30s.ARW,test_10101_02_0.1s.png,28.010426759838968,0.7818493,0.44341498613357544
10101_00_30s.ARW,test_10101_03_0.1s.png,27.96439801284272,0.7810014,0.4427645206451416
10101_00_30s.ARW,test_10101_04_0.1s.png,28.0070914659272,0.7823679,0.44272205233573914
10101_00_30s.ARW,test_10101_05_0.1s.png,27.99058773062847,0.7819521,0.44312798976898193
10101_00_30s.ARW,test_10101_06_0.1s.png,28.036591521783038,0.7827882,0.4430461525917053
10101_00_30s.ARW,test_10101_07_0.1s.png,28.03063918253549,0.78284687,0.443462610244751
10101_00_30s.ARW,test_10101_08_0.1s.png,28.059668899130656,0.78261423,0.4428896903991699
10101_00_30s.ARW,test_10101_09_0.1s.png,28.03532110963701,0.78281516,0.4440317153930664
10103_00_30s.ARW,test_10103_00_0.1s.png,25.6811649516985,0.7252555,0.47989070415496826
10103_00_30s.ARW,test_10103_01_0.1s.png,25.725268850769595,0.7269022,0.48100656270980835
10103_00_30s.ARW,test_10103_02_0.1s.png,25.731224110234557,0.7272698,0.4794858694076538
10103_00_30s.ARW,test_10103_03_0.1s.png,25.742800992457134,0.7281611,0.4784221053123474
10103_00_30s.ARW,test_10103_04_0.1s.png,25.725531665879323,0.7269849,0.4799046218395233
10103_00_30s.ARW,test_10103_05_0.1s.png,25.733616778733662,0.7266574,0.47855013608932495
10103_00_30s.ARW,test_10103_06_0.1s.png,25.745933107404014,0.7275966,0.47930335998535156
10103_00_30s.ARW,test_10103_07_0.1s.png,25.749461320738796,0.7282494,0.47877734899520874
10103_00_30s.ARW,test_10103_08_0.1s.png,25.741253482515486,0.728422,0.4786297082901001
10105_00_30s.ARW,test_10105_00_0.1s.png,23.627513732393545,0.609848,0.5689412951469421
10105_00_30s.ARW,test_10105_01_0.1s.png,23.602511026434804,0.61012435,0.5667787790298462
10105_00_30s.ARW,test_10105_02_0.1s.png,23.559155165540247,0.6092511,0.5685396790504456
10105_00_30s.ARW,test_10105_03_0.1s.png,23.566927158998613,0.6089453,0.5687618255615234
10105_00_30s.ARW,test_10105_04_0.1s.png,23.558184350169668,0.6090265,0.5682230591773987
10105_00_30s.ARW,test_10105_05_0.1s.png,23.49239129860385,0.60781497,0.5675814151763916
10105_00_30s.ARW,test_10105_06_0.1s.png,23.474510918133884,0.6064555,0.5684413909912109
10105_00_30s.ARW,test_10105_07_0.1s.png,23.448444881600512,0.60552627,0.5680229067802429
10105_00_30s.ARW,test_10105_08_0.1s.png,23.479912556918478,0.6062607,0.5686600208282471
10105_00_30s.ARW,test_10105_09_0.1s.png,23.630723710663283,0.60945773,0.5695528388023376
10106_00_30s.ARW,test_10106_00_0.1s.png,23.578344691203522,0.6698963,0.526802122592926
10106_00_30s.ARW,test_10106_01_0.1s.png,23.620117094867766,0.6698014,0.5276932716369629
10106_00_30s.ARW,test_10106_02_0.1s.png,23.609845101159795,0.66981965,0.5263635516166687
10106_00_30s.ARW,test_10106_03_0.1s.png,23.592080394060027,0.6695711,0.5263126492500305
10106_00_30s.ARW,test_10106_04_0.1s.png,23.59223913782778,0.6687167,0.5268712043762207
10106_00_30s.ARW,test_10106_05_0.1s.png,23.625710268604514,0.66920257,0.5260635614395142
10106_00_30s.ARW,test_10106_06_0.1s.png,23.62432478942486,0.66925126,0.5270559191703796
10106_00_30s.ARW,test_10106_07_0.1s.png,23.607656745485947,0.6692186,0.5261033773422241
10106_00_30s.ARW,test_10106_08_0.1s.png,23.60120653950684,0.6692632,0.5264406204223633
10106_00_30s.ARW,test_10106_09_0.1s.png,23.628793098650192,0.66966724,0.5264014601707458
10111_00_30s.ARW,test_10111_00_0.1s.png,26.800336216566404,0.7041395,0.39943110942840576
10111_00_30s.ARW,test_10111_01_0.1s.png,26.862236462123498,0.707428,0.4001215100288391
10111_00_30s.ARW,test_10111_02_0.1s.png,26.871475226882275,0.70589733,0.40433385968208313
10111_00_30s.ARW,test_10111_03_0.1s.png,27.008115364692685,0.70855,0.3986753523349762
10111_00_30s.ARW,test_10111_04_0.1s.png,26.88612650653102,0.7077443,0.4004063308238983
10111_00_30s.ARW,test_10111_05_0.1s.png,26.846782848853795,0.7079077,0.4022670388221741
10111_00_30s.ARW,test_10111_06_0.1s.png,26.851761189887768,0.7074978,0.40248847007751465
10111_00_30s.ARW,test_10111_07_0.1s.png,26.925980704753375,0.70956975,0.4009764492511749
10111_00_30s.ARW,test_10111_08_0.1s.png,26.9003575610777,0.70853657,0.4012300372123718
10111_00_30s.ARW,test_10111_09_0.1s.png,26.761997168446946,0.7039892,0.40265169739723206
10116_00_30s.ARW,test_10116_00_0.1s.png,24.902582599425862,0.6810774,0.478054404258728
10116_00_30s.ARW,test_10116_01_0.1s.png,24.88513137057933,0.6819403,0.47552117705345154
10116_00_30s.ARW,test_10116_02_0.1s.png,24.921750215662453,0.68247837,0.47492682933807373
10116_00_30s.ARW,test_10116_03_0.1s.png,24.883730959036043,0.68041587,0.47467267513275146
10116_00_30s.ARW,test_10116_04_0.1s.png,24.852182266171315,0.679588,0.47562116384506226
10116_00_30s.ARW,test_10116_05_0.1s.png,24.89467461518819,0.6823103,0.47715482115745544
10116_00_30s.ARW,test_10116_06_0.1s.png,25.035818307560728,0.6855938,0.4755131006240845
10116_00_30s.ARW,test_10116_07_0.1s.png,24.97370037622538,0.68388957,0.4738198518753052
10116_00_30s.ARW,test_10116_08_0.1s.png,24.9928386056818,0.68405247,0.47397705912590027
10116_00_30s.ARW,test_10116_09_0.1s.png,24.964234111405986,0.6837697,0.474665105342865
10125_00_30s.ARW,test_10125_00_0.1s.png,26.14463375198076,0.80025816,0.404601514339447
10125_00_30s.ARW,test_10125_01_0.1s.png,26.05648554684551,0.79779387,0.4055904746055603
10125_00_30s.ARW,test_10125_02_0.1s.png,26.10098654936882,0.79873294,0.405830979347229
10125_00_30s.ARW,test_10125_03_0.1s.png,26.12911537828554,0.7995439,0.4056324064731598
10125_00_30s.ARW,test_10125_04_0.1s.png,26.05928973527857,0.79879403,0.40600547194480896
10125_00_30s.ARW,test_10125_05_0.1s.png,26.099984502563167,0.7993415,0.40695512294769287
10125_00_30s.ARW,test_10125_06_0.1s.png,26.092559979670312,0.7988381,0.4063072204589844
10125_00_30s.ARW,test_10125_07_0.1s.png,26.094274044658032,0.798686,0.40552932024002075
10125_00_30s.ARW,test_10125_08_0.1s.png,26.129285735820705,0.7995432,0.40566936135292053
10125_00_30s.ARW,test_10125_09_0.1s.png,26.096188904075966,0.7989926,0.4061962962150574
10126_00_30s.ARW,test_10126_00_0.1s.png,28.782238770926458,0.8088062,0.3583779036998749
10126_00_30s.ARW,test_10126_01_0.1s.png,28.810510859312547,0.8101997,0.35811832547187805
10126_00_30s.ARW,test_10126_02_0.1s.png,28.87883538704451,0.81057316,0.357217401266098
10126_00_30s.ARW,test_10126_03_0.1s.png,28.778733102147577,0.8088046,0.3581402003765106
10126_00_30s.ARW,test_10126_04_0.1s.png,28.780875919683094,0.8087385,0.35913172364234924
10126_00_30s.ARW,test_10126_05_0.1s.png,28.832531867896787,0.8110109,0.35774269700050354
10126_00_30s.ARW,test_10126_06_0.1s.png,28.86851255568083,0.81075734,0.3585091829299927
10126_00_30s.ARW,test_10126_07_0.1s.png,28.81556685900349,0.8099157,0.3585916757583618
10126_00_30s.ARW,test_10126_08_0.1s.png,28.82495894470893,0.80957884,0.3585495352745056
10126_00_30s.ARW,test_10126_09_0.1s.png,28.879709258189358,0.8113006,0.3585304915904999
10139_00_30s.ARW,test_10139_00_0.1s.png,27.34447815192578,0.7348383,0.4517284631729126
10139_00_30s.ARW,test_10139_01_0.1s.png,27.3720423278858,0.7337241,0.45230191946029663
10139_00_30s.ARW,test_10139_02_0.1s.png,27.39299774074736,0.7337566,0.4505564868450165
10139_00_30s.ARW,test_10139_03_0.1s.png,27.419913369263966,0.73549604,0.45260950922966003
10139_00_30s.ARW,test_10139_04_0.1s.png,27.426344326017666,0.73372644,0.45194822549819946
10139_00_30s.ARW,test_10139_05_0.1s.png,27.397143020637515,0.73427004,0.45217037200927734
10139_00_30s.ARW,test_10139_06_0.1s.png,27.406459434003114,0.7339041,0.45206817984580994
10139_00_30s.ARW,test_10139_07_0.1s.png,27.399209087329382,0.7339949,0.45350492000579834
10139_00_30s.ARW,test_10139_08_0.1s.png,27.39771090827233,0.7330211,0.45281317830085754
10139_00_30s.ARW,test_10139_09_0.1s.png,27.42995004726015,0.7339514,0.45473867654800415
10140_00_30s.ARW,test_10140_00_0.1s.png,28.943852345557474,0.7205493,0.28262123465538025
10140_00_30s.ARW,test_10140_01_0.1s.png,28.95081594623224,0.7200987,0.28308969736099243
10140_00_30s.ARW,test_10140_02_0.1s.png,28.782616750114194,0.7182273,0.28154921531677246
10140_00_30s.ARW,test_10140_03_0.1s.png,28.964798132018494,0.7187359,0.28310883045196533
10140_00_30s.ARW,test_10140_04_0.1s.png,29.019773159249404,0.7207745,0.2819904088973999
10140_00_30s.ARW,test_10140_05_0.1s.png,28.994421147099278,0.7221296,0.2817021906375885
10140_00_30s.ARW,test_10140_06_0.1s.png,28.938868513757715,0.7178723,0.2833440601825714
10140_00_30s.ARW,test_10140_07_0.1s.png,28.965387358072228,0.7199831,0.28155624866485596
10140_00_30s.ARW,test_10140_08_0.1s.png,28.940379021278734,0.7209096,0.28251710534095764
10140_00_30s.ARW,test_10140_09_0.1s.png,28.971048073999874,0.72193146,0.2822369635105133
10162_00_30s.ARW,test_10162_00_0.1s.png,25.327403470797407,0.7565209,0.41924870014190674
10162_00_30s.ARW,test_10162_01_0.1s.png,25.365697044226756,0.75662225,0.4197300672531128
10162_00_30s.ARW,test_10162_02_0.1s.png,25.358422645177573,0.7566096,0.42068225145339966
10162_00_30s.ARW,test_10162_03_0.1s.png,25.39026536935452,0.758226,0.42098215222358704
10162_00_30s.ARW,test_10162_04_0.1s.png,25.446437679186644,0.7610356,0.42006146907806396
10162_00_30s.ARW,test_10162_05_0.1s.png,25.41066756129693,0.75914675,0.420169472694397
10162_00_30s.ARW,test_10162_06_0.1s.png,25.320479864897223,0.7558412,0.4216514825820923
10162_00_30s.ARW,test_10162_07_0.1s.png,25.409597051949472,0.75992745,0.41975218057632446
10162_00_30s.ARW,test_10162_08_0.1s.png,25.367274722437667,0.75761265,0.4211209714412689
10162_00_30s.ARW,test_10162_09_0.1s.png,25.28627743932858,0.75439095,0.42099282145500183
10163_00_30s.ARW,test_10163_00_0.1s.png,28.929721194332654,0.8299443,0.30682021379470825
10163_00_30s.ARW,test_10163_01_0.1s.png,28.87978321991789,0.82887834,0.30657583475112915
10163_00_30s.ARW,test_10163_02_0.1s.png,29.096986833365154,0.8334394,0.30699747800827026
10163_00_30s.ARW,test_10163_03_0.1s.png,29.30376692633787,0.840792,0.30894070863723755
10163_00_30s.ARW,test_10163_04_0.1s.png,29.146977718758915,0.84088355,0.30862829089164734
10163_00_30s.ARW,test_10163_05_0.1s.png,28.841794896580325,0.83977246,0.3095144033432007
10163_00_30s.ARW,test_10163_06_0.1s.png,28.44531824661442,0.8364708,0.30917787551879883
10163_00_30s.ARW,test_10163_07_0.1s.png,27.880310070503068,0.8322697,0.3101300001144409
10163_00_30s.ARW,test_10163_08_0.1s.png,27.320939135327798,0.83016616,0.3111312687397003
10163_00_30s.ARW,test_10163_09_0.1s.png,26.861689698260257,0.82677436,0.3110045790672302
10167_00_30s.ARW,test_10167_00_0.1s.png,25.12381146065418,0.7281923,0.4359099268913269
10167_00_30s.ARW,test_10167_01_0.1s.png,25.106487665993228,0.7278595,0.4361971616744995
10167_00_30s.ARW,test_10167_02_0.1s.png,25.085273889267256,0.72765833,0.43685686588287354
10167_00_30s.ARW,test_10167_03_0.1s.png,25.1213204452908,0.7278653,0.4372456669807434
10167_00_30s.ARW,test_10167_04_0.1s.png,25.106767424704728,0.7279398,0.4371752142906189
10167_00_30s.ARW,test_10167_05_0.1s.png,25.1338050258185,0.72761995,0.4367791414260864
10167_00_30s.ARW,test_10167_06_0.1s.png,25.11422915228504,0.72791386,0.43608856201171875
10167_00_30s.ARW,test_10167_07_0.1s.png,25.08582818131634,0.7278712,0.43762844800949097
10167_00_30s.ARW,test_10167_08_0.1s.png,25.123211724423577,0.72812104,0.43625372648239136
10167_00_30s.ARW,test_10167_09_0.1s.png,25.082726148485293,0.7272845,0.43679988384246826
10170_00_30s.ARW,test_10170_00_0.1s.png,26.367309233620976,0.817431,0.3736928105354309
10170_00_30s.ARW,test_10170_01_0.1s.png,26.472781300527927,0.8199711,0.37194690108299255
10170_00_30s.ARW,test_10170_02_0.1s.png,26.376463875902076,0.81763667,0.37308982014656067
10170_00_30s.ARW,test_10170_03_0.1s.png,25.182870733429144,0.78757554,0.38621416687965393
10170_00_30s.ARW,test_10170_04_0.1s.png,26.43027510974758,0.8191325,0.3724735975265503
10170_00_30s.ARW,test_10170_05_0.1s.png,26.42673462599236,0.8190387,0.3719077706336975
10170_00_30s.ARW,test_10170_06_0.1s.png,26.356210939608186,0.81782866,0.3725177049636841
10170_00_30s.ARW,test_10170_07_0.1s.png,26.328916985037147,0.8161135,0.37365391850471497
10170_00_30s.ARW,test_10170_08_0.1s.png,26.41570420385208,0.81967884,0.37161773443222046
10170_00_30s.ARW,test_10170_09_0.1s.png,26.368649982682758,0.81690264,0.37261274456977844
10176_00_30s.ARW,test_10176_00_0.1s.png,27.346751080809717,0.8263891,0.38318926095962524
10176_00_30s.ARW,test_10176_01_0.1s.png,27.34129297556621,0.8264103,0.3821372985839844
10176_00_30s.ARW,test_10176_02_0.1s.png,27.231970597508358,0.8262181,0.38281822204589844
10176_00_30s.ARW,test_10176_03_0.1s.png,27.315676505393867,0.8261934,0.3827045261859894
10176_00_30s.ARW,test_10176_04_0.1s.png,25.96858419429563,0.82519674,0.38388633728027344
10176_00_30s.ARW,test_10176_05_0.1s.png,25.927064570789597,0.82438,0.3856700658798218
10176_00_30s.ARW,test_10176_06_0.1s.png,25.849365703254023,0.8224936,0.38565197587013245
10176_00_30s.ARW,test_10176_07_0.1s.png,25.890054326773352,0.82407767,0.3837491273880005
10176_00_30s.ARW,test_10176_08_0.1s.png,25.93801579809427,0.8242583,0.38465195894241333
10178_00_10s.ARW,test_10178_00_0.033s.png,28.505646005741426,0.8178932,0.4525826573371887
10178_00_10s.ARW,test_10178_00_0.04s.png,28.900160459566102,0.8296251,0.4232432544231415
10178_00_10s.ARW,test_10178_00_0.1s.png,28.88912674659749,0.8586295,0.3269740641117096
10178_00_10s.ARW,test_10178_01_0.033s.png,28.4589654014723,0.81769586,0.4515807628631592
10178_00_10s.ARW,test_10178_01_0.04s.png,28.873669240686716,0.83084303,0.41945862770080566
10178_00_10s.ARW,test_10178_01_0.1s.png,28.932463636556783,0.8589056,0.32608428597450256
10178_00_10s.ARW,test_10178_02_0.04s.png,28.699951824488835,0.82933825,0.42084911465644836
10178_00_10s.ARW,test_10178_03_0.04s.png,28.771644001434158,0.82905036,0.4233311712741852
10178_00_10s.ARW,test_10178_04_0.04s.png,29.016082647637262,0.830303,0.4222097396850586
10178_00_10s.ARW,test_10178_05_0.04s.png,29.023608586226672,0.8310612,0.4188336431980133
10178_00_10s.ARW,test_10178_06_0.04s.png,28.98848016322315,0.83012253,0.41947829723358154
10178_00_10s.ARW,test_10178_07_0.04s.png,28.925696585008094,0.8297146,0.42172881960868835
10178_00_10s.ARW,test_10178_08_0.04s.png,28.85699188793663,0.82978296,0.42228126525878906
10178_00_10s.ARW,test_10178_09_0.04s.png,28.917913135335752,0.83037406,0.4230887293815613
10185_00_10s.ARW,test_10185_00_0.033s.png,21.38541759028039,0.5014893,0.7253007292747498
10185_00_10s.ARW,test_10185_00_0.04s.png,21.586619425831653,0.51399356,0.7124726176261902
10185_00_10s.ARW,test_10185_00_0.1s.png,23.0697782159777,0.55526716,0.6326310634613037
10185_00_10s.ARW,test_10185_01_0.033s.png,21.414848273367863,0.49968567,0.7237873077392578
10185_00_10s.ARW,test_10185_01_0.04s.png,21.563272183459446,0.5139285,0.7140306830406189
10185_00_10s.ARW,test_10185_01_0.1s.png,23.021804546186754,0.5552426,0.6318857669830322
10185_00_10s.ARW,test_10185_02_0.04s.png,21.574425624688203,0.5136072,0.7126535177230835
10185_00_10s.ARW,test_10185_03_0.04s.png,21.618849595517503,0.51378554,0.7115731239318848
10185_00_10s.ARW,test_10185_04_0.04s.png,21.60026244954405,0.51430565,0.7109151482582092
10185_00_10s.ARW,test_10185_05_0.04s.png,21.574708080591396,0.51470417,0.7125851511955261
10185_00_10s.ARW,test_10185_06_0.04s.png,21.587079046956976,0.5141812,0.7134302854537964
10185_00_10s.ARW,test_10185_07_0.04s.png,21.549402186370713,0.514075,0.713819682598114
10185_00_10s.ARW,test_10185_08_0.04s.png,21.557796382580534,0.51441056,0.7110668420791626
10185_00_10s.ARW,test_10185_09_0.04s.png,21.55182105915005,0.5140002,0.711768627166748
10185_00_10s.ARW,test_10185_10_0.04s.png,21.581842406789843,0.51406664,0.7116260528564453
10185_00_10s.ARW,test_10185_11_0.04s.png,21.53319117469865,0.51420355,0.7114993333816528
10185_00_10s.ARW,test_10185_12_0.04s.png,21.553751903762716,0.5144067,0.7145143747329712
10185_00_10s.ARW,test_10185_13_0.04s.png,21.572111734766377,0.51449746,0.7109466791152954
10185_00_10s.ARW,test_10185_14_0.04s.png,21.534267192551955,0.51363444,0.7125201225280762
10187_00_10s.ARW,test_10187_00_0.033s.png,25.932047820623364,0.44419026,0.6203753352165222
10187_00_10s.ARW,test_10187_00_0.04s.png,26.346887549499307,0.45783997,0.6217130422592163
10187_00_10s.ARW,test_10187_00_0.1s.png,28.18052187767156,0.49999264,0.6272849440574646
10187_00_10s.ARW,test_10187_01_0.033s.png,25.616070051665748,0.43996906,0.6242627501487732
10187_00_10s.ARW,test_10187_01_0.04s.png,26.17875048433317,0.45598757,0.6224188804626465
10187_00_10s.ARW,test_10187_01_0.1s.png,28.209793704208764,0.500928,0.6224345564842224
10187_00_10s.ARW,test_10187_02_0.04s.png,26.31371547247598,0.45680448,0.6233449578285217
10187_00_10s.ARW,test_10187_03_0.04s.png,26.202990231611793,0.4556783,0.6231424808502197
10187_00_10s.ARW,test_10187_04_0.04s.png,26.216570281528234,0.45624566,0.6234553456306458
10187_00_10s.ARW,test_10187_05_0.04s.png,26.33318554885203,0.45836067,0.6193065047264099
10187_00_10s.ARW,test_10187_06_0.04s.png,26.251133503817258,0.45690092,0.6201856732368469
10187_00_10s.ARW,test_10187_07_0.04s.png,26.2340042553532,0.45641398,0.6256331205368042
10187_00_10s.ARW,test_10187_08_0.04s.png,26.146333111326303,0.45531416,0.623552680015564
10187_00_10s.ARW,test_10187_09_0.04s.png,26.262763655899878,0.45836055,0.6209525465965271
10191_00_10s.ARW,test_10191_00_0.033s.png,24.68047836394238,0.5191241,0.7130084037780762
10191_00_10s.ARW,test_10191_00_0.04s.png,24.81480680109715,0.53105634,0.7057957649230957
10191_00_10s.ARW,test_10191_00_0.1s.png,27.023079186439453,0.5623708,0.6496884226799011
10191_00_10s.ARW,test_10191_01_0.033s.png,24.77632149669416,0.5193184,0.713097095489502
10191_00_10s.ARW,test_10191_01_0.04s.png,24.84054631230418,0.5314179,0.7054303288459778
10191_00_10s.ARW,test_10191_01_0.1s.png,27.02427707881703,0.5626716,0.6507185697555542
10191_00_10s.ARW,test_10191_02_0.04s.png,24.84936849533531,0.5309782,0.7052580118179321
10191_00_10s.ARW,test_10191_03_0.04s.png,24.82034539983967,0.5307319,0.7026162147521973
10191_00_10s.ARW,test_10191_04_0.04s.png,24.8729128394009,0.5312198,0.7066484093666077
10191_00_10s.ARW,test_10191_05_0.04s.png,24.816881023152597,0.5311293,0.7086151838302612
10191_00_10s.ARW,test_10191_06_0.04s.png,24.85083451936765,0.53086066,0.7054674625396729
10191_00_10s.ARW,test_10191_07_0.04s.png,24.862899519793253,0.5306695,0.7069224715232849
10191_00_10s.ARW,test_10191_08_0.04s.png,24.732826813703777,0.53109884,0.7055714130401611
10191_00_10s.ARW,test_10191_09_0.04s.png,24.836751668696436,0.53091747,0.7049971222877502
10192_00_10s.ARW,test_10192_00_0.033s.png,26.889496228891055,0.7889225,0.4880637228488922
10192_00_10s.ARW,test_10192_00_0.04s.png,28.520426076351725,0.79649305,0.4718106687068939
10192_00_10s.ARW,test_10192_00_0.1s.png,29.847824762838087,0.8198125,0.4304731786251068
10192_00_10s.ARW,test_10192_01_0.033s.png,26.842903533786693,0.78890306,0.49039706587791443
10192_00_10s.ARW,test_10192_01_0.04s.png,28.568023405033735,0.7968169,0.4714747667312622
10192_00_10s.ARW,test_10192_01_0.1s.png,29.818299557807187,0.8194785,0.4305972158908844
10192_00_10s.ARW,test_10192_02_0.04s.png,28.525017368795126,0.79670185,0.4710075259208679
10192_00_10s.ARW,test_10192_03_0.04s.png,28.587880953227547,0.7969684,0.4713633358478546
10192_00_10s.ARW,test_10192_04_0.04s.png,28.52988938620443,0.79675776,0.47065603733062744
10192_00_10s.ARW,test_10192_05_0.04s.png,28.626130860058257,0.7969012,0.4707694351673126
10192_00_10s.ARW,test_10192_06_0.04s.png,28.645267474880605,0.7969894,0.4708396792411804
10192_00_10s.ARW,test_10192_07_0.04s.png,28.596541559473714,0.7964971,0.47026002407073975
10192_00_10s.ARW,test_10192_08_0.04s.png,28.652823800958068,0.79636693,0.46990880370140076
10192_00_10s.ARW,test_10192_09_0.04s.png,28.62207410556078,0.7965725,0.4718724489212036
10192_00_10s.ARW,test_10192_10_0.04s.png,28.654982177164776,0.7969398,0.4703805446624756
10193_00_10s.ARW,test_10193_00_0.033s.png,27.313215052503583,0.7300386,0.4841354489326477
10193_00_10s.ARW,test_10193_00_0.04s.png,28.249854351664233,0.75706,0.4572144150733948
10193_00_10s.ARW,test_10193_00_0.1s.png,31.322988939162503,0.82880044,0.34789836406707764
10193_00_10s.ARW,test_10193_01_0.033s.png,27.37553620628495,0.7297668,0.48772895336151123
10193_00_10s.ARW,test_10193_01_0.04s.png,28.194400154181896,0.7565263,0.4530995190143585
10193_00_10s.ARW,test_10193_01_0.1s.png,31.267099570323168,0.8277178,0.35051029920578003
10193_00_10s.ARW,test_10193_02_0.04s.png,28.277237177953445,0.7567873,0.45641788840293884
10193_00_10s.ARW,test_10193_03_0.04s.png,28.077639204337274,0.75380206,0.4588637053966522
10193_00_10s.ARW,test_10193_04_0.04s.png,28.131070002756424,0.7554505,0.4589945375919342
10193_00_10s.ARW,test_10193_05_0.04s.png,28.39217297470899,0.75808376,0.45829248428344727
10193_00_10s.ARW,test_10193_06_0.04s.png,28.254221136072513,0.7571795,0.4549069404602051
10193_00_10s.ARW,test_10193_07_0.04s.png,28.229905824275928,0.75734204,0.4563000500202179
10193_00_10s.ARW,test_10193_08_0.04s.png,28.279842155577946,0.75650185,0.45436805486679077
10193_00_10s.ARW,test_10193_09_0.04s.png,28.21809371204942,0.75607556,0.4531044363975525
10198_00_10s.ARW,test_10198_00_0.033s.png,18.17334061420021,0.25592768,0.786677360534668
10198_00_10s.ARW,test_10198_00_0.04s.png,19.340238508782846,0.28261933,0.7893275022506714
10198_00_10s.ARW,test_10198_00_0.1s.png,21.73224601088714,0.35124812,0.8106639385223389
10198_00_10s.ARW,test_10198_01_0.033s.png,18.02012703065808,0.25412107,0.7883321046829224
10198_00_10s.ARW,test_10198_01_0.04s.png,19.33829151819216,0.28254667,0.7865176200866699
10198_00_10s.ARW,test_10198_01_0.1s.png,21.733254017170825,0.35100427,0.8089976906776428
10198_00_10s.ARW,test_10198_02_0.04s.png,19.467919695757605,0.28322577,0.7909806370735168
10198_00_10s.ARW,test_10198_03_0.04s.png,19.344910323192632,0.2814228,0.7828689813613892
10198_00_10s.ARW,test_10198_04_0.04s.png,19.32447360003347,0.28121212,0.7878766655921936
10198_00_10s.ARW,test_10198_05_0.04s.png,19.36588947386276,0.28174528,0.7872432470321655
10198_00_10s.ARW,test_10198_06_0.04s.png,19.32669340277842,0.2815191,0.7887313961982727
10198_00_10s.ARW,test_10198_07_0.04s.png,19.348684813579943,0.2823991,0.786854088306427
10198_00_10s.ARW,test_10198_08_0.04s.png,19.355745822847382,0.28125557,0.7882082462310791
10198_00_10s.ARW,test_10198_09_0.04s.png,19.311848509964804,0.28173694,0.7904019951820374
10199_00_10s.ARW,test_10199_00_0.033s.png,23.956342005313026,0.6310187,0.6559723615646362
10199_00_10s.ARW,test_10199_00_0.04s.png,24.30204034057869,0.64186215,0.6342911720275879
10199_00_10s.ARW,test_10199_00_0.1s.png,24.694845682472362,0.6702998,0.5561108589172363
10199_00_10s.ARW,test_10199_01_0.033s.png,23.919036404936232,0.6306742,0.6560642123222351
10199_00_10s.ARW,test_10199_01_0.04s.png,24.368601656461482,0.64135283,0.6370534896850586
10199_00_10s.ARW,test_10199_01_0.1s.png,24.702860495647325,0.6704925,0.5554566979408264
10199_00_10s.ARW,test_10199_02_0.04s.png,24.336237206034554,0.6415245,0.6364933848381042
10199_00_10s.ARW,test_10199_03_0.04s.png,24.321131384354167,0.6412277,0.6353503465652466
10199_00_10s.ARW,test_10199_04_0.04s.png,24.307502804456735,0.6409444,0.6347012519836426
10199_00_10s.ARW,test_10199_05_0.04s.png,24.355854078881475,0.6415339,0.6364205479621887
10199_00_10s.ARW,test_10199_06_0.04s.png,24.379284118626927,0.64143866,0.6341941356658936
10199_00_10s.ARW,test_10199_07_0.04s.png,24.333860370550752,0.6412323,0.6358016729354858
10199_00_10s.ARW,test_10199_08_0.04s.png,24.347311831481484,0.64098173,0.6348592042922974
10199_00_10s.ARW,test_10199_09_0.04s.png,24.36938559776388,0.64162654,0.636485755443573
10199_00_10s.ARW,test_10199_10_0.04s.png,24.31640937079045,0.641191,0.6361474394798279
10199_00_10s.ARW,test_10199_11_0.04s.png,24.338892253690695,0.64105535,0.6333006620407104
10203_00_10s.ARW,test_10203_00_0.033s.png,25.147679423755875,0.6513572,0.6393446326255798
10203_00_10s.ARW,test_10203_00_0.04s.png,25.63731758589062,0.6651862,0.630561888217926
10203_00_10s.ARW,test_10203_00_0.1s.png,26.107439574245568,0.70224303,0.590389609336853
10203_00_10s.ARW,test_10203_01_0.033s.png,25.19309219667928,0.65160674,0.6374115943908691
10203_00_10s.ARW,test_10203_01_0.04s.png,25.610994945201245,0.66557235,0.6311010122299194
10203_00_10s.ARW,test_10203_01_0.1s.png,26.087702589430044,0.7021725,0.5899943113327026
10203_00_10s.ARW,test_10203_02_0.04s.png,25.614552880697197,0.66579473,0.6272068619728088
10203_00_10s.ARW,test_10203_03_0.04s.png,25.63459412935865,0.6654585,0.6327013373374939
10203_00_10s.ARW,test_10203_04_0.04s.png,25.647133828465694,0.66517204,0.6296037435531616
10203_00_10s.ARW,test_10203_05_0.04s.png,25.618002075858726,0.6656253,0.631983757019043
10203_00_10s.ARW,test_10203_06_0.04s.png,25.60322005429816,0.66553485,0.630021333694458
10203_00_10s.ARW,test_10203_07_0.04s.png,25.61035486063291,0.66532665,0.6285938620567322
10203_00_10s.ARW,test_10203_08_0.04s.png,25.607729428358297,0.66497046,0.6318442225456238
10203_00_10s.ARW,test_10203_09_0.04s.png,25.583208754539477,0.66499716,0.6312287449836731
10213_00_10s.ARW,test_10213_00_0.033s.png,23.292443804255768,0.4795033,0.8239960670471191
10213_00_10s.ARW,test_10213_00_0.04s.png,24.088304116802277,0.5067966,0.8232409358024597
10213_00_10s.ARW,test_10213_00_0.1s.png,26.949974611856,0.56600267,0.7606583833694458
10213_00_10s.ARW,test_10213_01_0.033s.png,23.203266491812357,0.48106745,0.8286160826683044
10213_00_10s.ARW,test_10213_01_0.04s.png,24.11206748444374,0.5076696,0.8240433931350708
10213_00_10s.ARW,test_10213_01_0.1s.png,26.94357274165864,0.5662729,0.7594277262687683
10213_00_10s.ARW,test_10213_02_0.04s.png,24.168166560410338,0.5089442,0.821552038192749
10213_00_10s.ARW,test_10213_02_0.1s.png,26.914275033254608,0.56567067,0.7575345039367676
10213_00_10s.ARW,test_10213_03_0.04s.png,24.12229586624075,0.5073927,0.821322500705719
10213_00_10s.ARW,test_10213_04_0.04s.png,24.11530973516699,0.5066259,0.8237158060073853
10213_00_10s.ARW,test_10213_05_0.04s.png,24.23171949456482,0.5084509,0.8239260911941528
10213_00_10s.ARW,test_10213_06_0.04s.png,24.274767945455284,0.50915796,0.8249994516372681
10213_00_10s.ARW,test_10213_07_0.04s.png,24.218660052478306,0.50902396,0.8264822363853455
10213_00_10s.ARW,test_10213_08_0.04s.png,24.135940907151948,0.50798374,0.8259627223014832
10213_00_10s.ARW,test_10213_09_0.04s.png,24.209035979913555,0.5085436,0.8218637108802795
10217_00_10s.ARW,test_10217_00_0.033s.png,25.448450203585082,0.56371254,0.7504809498786926
10217_00_10s.ARW,test_10217_00_0.04s.png,26.126638926570315,0.5756469,0.7309193015098572
10217_00_10s.ARW,test_10217_00_0.1s.png,27.65686566735286,0.6088285,0.6616940498352051
10217_00_10s.ARW,test_10217_01_0.033s.png,25.401180856245794,0.56373626,0.7471041679382324
10217_00_10s.ARW,test_10217_01_0.04s.png,26.196583052233077,0.57649904,0.7270519733428955
10217_00_10s.ARW,test_10217_01_0.1s.png,27.648916931094327,0.60915095,0.660986602306366
10217_00_10s.ARW,test_10217_02_0.04s.png,26.2085778470875,0.57671374,0.7303822040557861
10217_00_10s.ARW,test_10217_03_0.04s.png,26.174919697696417,0.5753816,0.7303666472434998
10217_00_10s.ARW,test_10217_04_0.04s.png,26.15479015821532,0.575963,0.7289753556251526
10217_00_10s.ARW,test_10217_05_0.04s.png,26.068385993874628,0.57505214,0.7316865921020508
10217_00_10s.ARW,test_10217_06_0.04s.png,26.10496046886172,0.5752184,0.7304448485374451
10217_00_10s.ARW,test_10217_07_0.04s.png,26.146278539777427,0.5754699,0.7291857004165649
10217_00_10s.ARW,test_10217_08_0.04s.png,26.15681253250882,0.57578045,0.7310463190078735
10217_00_10s.ARW,test_10217_09_0.04s.png,25.687602387783365,0.566372,0.7324001789093018
10226_00_10s.ARW,test_10226_00_0.033s.png,24.16839319494885,0.62559026,0.6829128265380859
10226_00_10s.ARW,test_10226_00_0.04s.png,23.925702276040383,0.6329004,0.6553481817245483
10226_00_10s.ARW,test_10226_00_0.1s.png,25.236471397251236,0.6587537,0.5587625503540039
10226_00_10s.ARW,test_10226_01_0.033s.png,24.17255060646135,0.62569565,0.6871654987335205
10226_00_10s.ARW,test_10226_01_0.04s.png,23.99669327727805,0.6328476,0.6568996906280518
10226_00_10s.ARW,test_10226_01_0.1s.png,25.21822400220931,0.6585552,0.5589534044265747
10226_00_10s.ARW,test_10226_02_0.04s.png,23.892070779947087,0.6327033,0.654572069644928
10226_00_10s.ARW,test_10226_03_0.04s.png,23.957921145152138,0.63248825,0.6571990847587585
10226_00_10s.ARW,test_10226_04_0.04s.png,24.00533956695923,0.63352704,0.6571450233459473
10226_00_10s.ARW,test_10226_05_0.04s.png,24.00472788953813,0.63353914,0.654632031917572
10226_00_10s.ARW,test_10226_06_0.04s.png,23.907644898013647,0.6329972,0.6564047932624817
10226_00_10s.ARW,test_10226_07_0.04s.png,23.921520548540613,0.6331268,0.6561385989189148
10226_00_10s.ARW,test_10226_08_0.04s.png,24.023854017900756,0.6335744,0.6557658910751343
10226_00_10s.ARW,test_10226_09_0.04s.png,23.93914676159602,0.6328926,0.6572768688201904
10227_00_10s.ARW,test_10227_00_0.033s.png,25.4070377330703,0.5399017,0.7625643014907837
10227_00_10s.ARW,test_10227_00_0.04s.png,25.548973563630412,0.5474804,0.7445510625839233
10227_00_10s.ARW,test_10227_00_0.1s.png,26.126025923988713,0.5779821,0.6501079797744751
10227_00_10s.ARW,test_10227_01_0.033s.png,25.301769271103375,0.5373833,0.765101432800293
10227_00_10s.ARW,test_10227_01_0.04s.png,25.570830358424935,0.54812,0.7427390813827515
10227_00_10s.ARW,test_10227_01_0.1s.png,26.142784653485805,0.5771775,0.6501529216766357
10227_00_10s.ARW,test_10227_02_0.04s.png,25.54042731769275,0.5480861,0.7446641325950623
10227_00_10s.ARW,test_10227_03_0.04s.png,25.502113125810702,0.54599637,0.7428760528564453
10227_00_10s.ARW,test_10227_04_0.04s.png,25.488459197705286,0.5467351,0.7441545128822327
10227_00_10s.ARW,test_10227_05_0.04s.png,25.557627977209503,0.5468368,0.7429022789001465
10227_00_10s.ARW,test_10227_06_0.04s.png,25.504182179216816,0.5469684,0.7415910363197327
10227_00_10s.ARW,test_10227_07_0.04s.png,25.46707929579916,0.5468428,0.7468901872634888
10227_00_10s.ARW,test_10227_08_0.04s.png,25.53710777857151,0.5480353,0.7423762083053589
10227_00_10s.ARW,test_10227_09_0.04s.png,25.51640317392906,0.54625934,0.74552321434021
10228_00_10s.ARW,test_10228_00_0.033s.png,22.32495102302391,0.3968034,0.746606171131134
10228_00_10s.ARW,test_10228_00_0.04s.png,22.693281959122146,0.41298255,0.7405410408973694
10228_00_10s.ARW,test_10228_00_0.1s.png,24.424477088606164,0.46991324,0.6928549408912659
10228_00_10s.ARW,test_10228_01_0.033s.png,22.146704899367048,0.3955072,0.7519996166229248
10228_00_10s.ARW,test_10228_01_0.04s.png,22.79462852642699,0.41681775,0.737332820892334
10228_00_10s.ARW,test_10228_01_0.1s.png,24.460390215946862,0.4704404,0.6914119720458984
10228_00_10s.ARW,test_10228_02_0.04s.png,22.733277008867688,0.41416526,0.7363151907920837
10228_00_10s.ARW,test_10228_03_0.04s.png,22.695615644896343,0.41353846,0.7373896241188049
10228_00_10s.ARW,test_10228_04_0.04s.png,22.799339092280043,0.41693196,0.7393484711647034
10228_00_10s.ARW,test_10228_05_0.04s.png,22.594870544309934,0.41306528,0.7394574284553528
10228_00_10s.ARW,test_10228_06_0.04s.png,22.76513442363534,0.4132941,0.739639163017273
10228_00_10s.ARW,test_10228_07_0.04s.png,22.752656316857035,0.41506788,0.738344132900238
10228_00_10s.ARW,test_10228_08_0.04s.png,22.73841936222285,0.41501176,0.7355804443359375
10228_00_10s.ARW,test_10228_09_0.04s.png,22.714494122272058,0.4139249,0.7383830547332764
,AVERAGE,26.067187272818657,0.7108155488967896,0.4921668132641137
